Time [s],Channel 0
-0.003922800,0
-0.000001240,1
-0.000000000,0
0.000002080,1
0.000003360,0
0.000005440,1
0.000006680,0
0.000008760,1
0.000010000,0
0.000012080,1
0.000013360,0
0.000015440,1
0.000016680,0
0.000018760,1
0.000020000,0
0.000022080,1
0.000023360,0
0.000025400,1
0.000026680,0
0.000028760,1
0.000030000,0
0.000032080,1
0.000033360,0
0.000035400,1
0.000036680,0
0.000038760,1
0.000040000,0
0.000042080,1
0.000043360,0
0.000045400,1
0.000046680,0
0.000048760,1
0.000050000,0
0.003325280,1
0.003326560,0
0.003328640,1
0.003329880,0
0.003331960,1
0.003333200,0
0.003335280,1
0.003336560,0
0.003338640,1
0.003339880,0
0.003341960,1
0.003343200,0
0.003345280,1
0.003346560,0
0.003348640,1
0.003349880,0
0.003351960,1
0.003353200,0
0.003355280,1
0.003356560,0
0.003358640,1
0.003359880,0
0.003361960,1
0.003363200,0
0.003365280,1
0.003366560,0
0.003368640,1
0.003369880,0
0.003371960,1
0.003373200,0
0.003375280,1
0.003376560,0
0.007307040,1
0.007308320,0
0.007310400,1
0.007311640,0
0.007313720,1
0.007314960,0
0.007317040,1
0.007318320,0
0.007320400,1
0.007321640,0
0.007323720,1
0.007324960,0
0.007327040,1
0.007328320,0
0.007330400,1
0.007331640,0
0.007333720,1
0.007334960,0
0.007337040,1
0.007338320,0
0.007340400,1
0.007341640,0
0.007343720,1
0.007344960,0
0.007347040,1
0.007348320,0
0.007350400,1
0.007351640,0
0.007353720,1
0.007354960,0
0.007357040,1
0.007358320,0
0.011106920,1
0.011108160,0
0.011110240,1
0.011111520,0
0.011113560,1
0.011114840,0
0.011116920,1
0.011118160,0
0.011120240,1
0.011121520,0
0.011123560,1
0.011124840,0
0.011126920,1
0.011128160,0
0.011130240,1
0.011131520,0
0.011133560,1
0.011134840,0
0.011136920,1
0.011138160,0
0.011140240,1
0.011141520,0
0.011143560,1
0.011144840,0
0.011146920,1
0.011148160,0
0.011150240,1
0.011151480,0
0.011153560,1
0.011154840,0
0.011156920,1
0.011158160,0
0.015304640,1
0.015305880,0
0.015307960,1
0.015309240,0
0.015311320,1
0.015312560,0
0.015314640,1
0.015315880,0
0.015317960,1
0.015319240,0
0.015321320,1
0.015322560,0
0.015324640,1
0.015325880,0
0.015327960,1
0.015329240,0
0.015331320,1
0.015332560,0
0.015334640,1
0.015335880,0
0.015337960,1
0.015339240,0
0.015341320,1
0.015342560,0
0.015344640,1
0.015345880,0
0.015347960,1
0.015349240,0
0.015351320,1
0.015352560,0
0.015354640,1
0.015355880,0
0.019325760,1
0.019327000,0
0.019329080,1
0.019330360,0
0.019332440,1
0.019333680,0
0.019335760,1
0.019337000,0
0.019339080,1
0.019340360,0
0.019342440,1
0.019343680,0
0.019345760,1
0.019347000,0
0.019349080,1
0.019350360,0
0.019352440,1
0.019353680,0
0.019355760,1
0.019357000,0
0.019359080,1
0.019360360,0
0.019362440,1
0.019363680,0
0.019365760,1
0.019367000,0
0.019369080,1
0.019370360,0
0.019372440,1
0.019373680,0
0.019375760,1
0.019377000,0
0.023303960,1
0.023305200,0
0.023307280,1
0.023308560,0
0.023310640,1
0.023311880,0
0.023313960,1
0.023315200,0
0.023317280,1
0.023318560,0
0.023320640,1
0.023321880,0
0.023323960,1
0.023325200,0
0.023327280,1
0.023328560,0
0.023330640,1
0.023331880,0
0.023333960,1
0.023335200,0
0.023337280,1
0.023338560,0
0.023340640,1
0.023341880,0
0.023343960,1
0.023345200,0
0.023347280,1
0.023348560,0
0.023350640,1
0.023351880,0
0.023353960,1
0.023355200,0
0.027243560,1
0.027244800,0
0.027246880,1
0.027248160,0
0.027250240,1
0.027251480,0
0.027253560,1
0.027254800,0
0.027256880,1
0.027258160,0
0.027260240,1
0.027261480,0
0.027263560,1
0.027264800,0
0.027266880,1
0.027268160,0
0.027270240,1
0.027271480,0
0.027273560,1
0.027274800,0
0.027276880,1
0.027278160,0
0.027280240,1
0.027281480,0
0.027283560,1
0.027284800,0
0.027286880,1
0.027288160,0
0.027290200,1
0.027291480,0
0.027293560,1
0.027294800,0
0.031170920,1
0.031172160,0
0.031174240,1
0.031175480,0
0.031177560,1
0.031178840,0
0.031180880,1
0.031182160,0
0.031184240,1
0.031185480,0
0.031187560,1
0.031188840,0
0.031190880,1
0.031192160,0
0.031194240,1
0.031195480,0
0.031197560,1
0.031198840,0
0.031200880,1
0.031202160,0
0.031204240,1
0.031205480,0
0.031207560,1
0.031208840,0
0.031210880,1
0.031212160,0
0.031214240,1
0.031215480,0
0.031217560,1
0.031218840,0
0.031220880,1
0.031222160,0
0.035323120,1
0.035324360,0
0.035326440,1
0.035327720,0
0.035329800,1
0.035331040,0
0.035333120,1
0.035334360,0
0.035336440,1
0.035337720,0
0.035339800,1
0.035341040,0
0.035343120,1
0.035344360,0
0.035346440,1
0.035347720,0
0.035349800,1
0.035351040,0
0.035353120,1
0.035354360,0
0.035356440,1
0.035357720,0
0.035359800,1
0.035361040,0
0.035363120,1
0.035364360,0
0.035366440,1
0.035367720,0
0.035369800,1
0.035371040,0
0.035373120,1
0.035374360,0
0.039994360,1
0.039995600,0
0.039997680,1
0.039998920,0
0.040001000,1
0.040002280,0
0.040004360,1
0.040005600,0
0.040007680,1
0.040008920,0
0.040011000,1
0.040012280,0
0.040014360,1
0.040015600,0
0.040017680,1
0.040018920,0
0.040021000,1
0.040022280,0
0.040024360,1
0.040025600,0
0.040027680,1
0.040028920,0
0.040031000,1
0.040032280,0
0.040034360,1
0.040035600,0
0.040037680,1
0.040038920,0
0.040041000,1
0.040042280,0
0.040044360,1
0.040045600,0
0.043243600,1
0.043244840,0
0.043246920,1
0.043248200,0
0.043250280,1
0.043251520,0
0.043253600,1
0.043254840,0
0.043256920,1
0.043258200,0
0.043260240,1
0.043261520,0
0.043263600,1
0.043264840,0
0.043266920,1
0.043268200,0
0.043270240,1
0.043271520,0
0.043273600,1
0.043274840,0
0.043276920,1
0.043278200,0
0.043280240,1
0.043281520,0
0.043283600,1
0.043284840,0
0.043286920,1
0.043288200,0
0.043290240,1
0.043291520,0
0.043293600,1
0.043294840,0
0.047303640,1
0.047304880,0
0.047306960,1
0.047308240,0
0.047310320,1
0.047311560,0
0.047313640,1
0.047314880,0
0.047316960,1
0.047318240,0
0.047320320,1
0.047321560,0
0.047323640,1
0.047324880,0
0.047326960,1
0.047328240,0
0.047330320,1
0.047331560,0
0.047333640,1
0.047334880,0
0.047336960,1
0.047338240,0
0.047340320,1
0.047341560,0
0.047343640,1
0.047344880,0
0.047346960,1
0.047348240,0
0.047350320,1
0.047351560,0
0.047353640,1
0.047354880,0
0.051187120,1
0.051188400,0
0.051190480,1
0.051191720,0
0.051193800,1
0.051195040,0
0.051197120,1
0.051198400,0
0.051200480,1
0.051201720,0
0.051203800,1
0.051205040,0
0.051207120,1
0.051208400,0
0.051210480,1
0.051211720,0
0.051213800,1
0.051215040,0
0.051217120,1
0.051218400,0
0.051220480,1
0.051221720,0
0.051223800,1
0.051225040,0
0.051227120,1
0.051228400,0
0.051230480,1
0.051231720,0
0.051233800,1
0.051235040,0
0.051237120,1
0.051238400,0
0.055305360,1
0.055306600,0
0.055308680,1
0.055309960,0
0.055312040,1
0.055313280,0
0.055315360,1
0.055316600,0
0.055318680,1
0.055319960,0
0.055322040,1
0.055323280,0
0.055325360,1
0.055326600,0
0.055328680,1
0.055329960,0
0.055332040,1
0.055333280,0
0.055335360,1
0.055336600,0
0.055338680,1
0.055339960,0
0.055342040,1
0.055343280,0
0.055345360,1
0.055346600,0
0.055348680,1
0.055349960,0
0.055352040,1
0.055353280,0
0.055355360,1
0.055356600,0
0.059241440,1
0.059242720,0
0.059244800,1
0.059246040,0
0.059248120,1
0.059249360,0
0.059251440,1
0.059252720,0
0.059254800,1
0.059256040,0
0.059258120,1
0.059259360,0
0.059261440,1
0.059262720,0
0.059264800,1
0.059266040,0
0.059268120,1
0.059269360,0
0.059271440,1
0.059272720,0
0.059274800,1
0.059276040,0
0.059278120,1
0.059279360,0
0.059281440,1
0.059282720,0
0.059284800,1
0.059286040,0
0.059288120,1
0.059289360,0
0.059291440,1
0.059292720,0
0.063303680,1
0.063304920,0
0.063307000,1
0.063308280,0
0.063310360,1
0.063311600,0
0.063313680,1
0.063314920,0
0.063317000,1
0.063318280,0
0.063320360,1
0.063321600,0
0.063323680,1
0.063324920,0
0.063327000,1
0.063328280,0
0.063330360,1
0.063331600,0
0.063333680,1
0.063334920,0
0.063337000,1
0.063338280,0
0.063340360,1
0.063341600,0
0.063343680,1
0.063344920,0
0.063347000,1
0.063348280,0
0.063350360,1
0.063351600,0
0.063353680,1
0.063354920,0
0.067324240,1
0.067325480,0
0.067327560,1
0.067328840,0
0.067330920,1
0.067332160,0
0.067334240,1
0.067335480,0
0.067337560,1
0.067338840,0
0.067340920,1
0.067342160,0
0.067344240,1
0.067345480,0
0.067347560,1
0.067348840,0
0.067350920,1
0.067352160,0
0.067354240,1
0.067355480,0
0.067357560,1
0.067358840,0
0.067360920,1
0.067362160,0
0.067364240,1
0.067365480,0
0.067367560,1
0.067368840,0
0.067370920,1
0.067372160,0
0.067374240,1
0.067375480,0
0.071166640,1
0.071167880,0
0.071169960,1
0.071171200,0
0.071173280,1
0.071174560,0
0.071176640,1
0.071177880,0
0.071179960,1
0.071181200,0
0.071183280,1
0.071184560,0
0.071186640,1
0.071187880,0
0.071189960,1
0.071191200,0
0.071193280,1
0.071194560,0
0.071196640,1
0.071197880,0
0.071199960,1
0.071201200,0
0.071203280,1
0.071204560,0
0.071206640,1
0.071207880,0
0.071209960,1
0.071211200,0
0.071213280,1
0.071214560,0
0.071216640,1
0.071217880,0
0.075241720,1
0.075242960,0
0.075245040,1
0.075246280,0
0.075248360,1
0.075249640,0
0.075251720,1
0.075252960,0
0.075255040,1
0.075256280,0
0.075258360,1
0.075259640,0
0.075261720,1
0.075262960,0
0.075265040,1
0.075266280,0
0.075268360,1
0.075269640,0
0.075271720,1
0.075272960,0
0.075275040,1
0.075276280,0
0.075278360,1
0.075279640,0
0.075281720,1
0.075282960,0
0.075285040,1
0.075286280,0
0.075288360,1
0.075289640,0
0.075291720,1
0.075292960,0
0.079994000,1
0.079995240,0
0.079997320,1
0.079998560,0
0.080000640,1
0.080001920,0
0.080004000,1
0.080005240,0
0.080007320,1
0.080008560,0
0.080010640,1
0.080011920,0
0.080014000,1
0.080015240,0
0.080017320,1
0.080018560,0
0.080020640,1
0.080021920,0
0.080024000,1
0.080025240,0
0.080027320,1
0.080028560,0
0.080030640,1
0.080031920,0
0.080033960,1
0.080035240,0
0.080037320,1
0.080038560,0
0.080040640,1
0.080041920,0
0.080043960,1
0.080045240,0
0.083321560,1
0.083322800,0
0.083324880,1
0.083326120,0
0.083328200,1
0.083329480,0
0.083331560,1
0.083332800,0
0.083334880,1
0.083336120,0
0.083338200,1
0.083339480,0
0.083341560,1
0.083342800,0
0.083344880,1
0.083346120,0
0.083348200,1
0.083349480,0
0.083351560,1
0.083352800,0
0.083354880,1
0.083356120,0
0.083358200,1
0.083359480,0
0.083361560,1
0.083362800,0
0.083364880,1
0.083366120,0
0.083368200,1
0.083369480,0
0.083371560,1
0.083372800,0
0.087303120,1
0.087304360,0
0.087306440,1
0.087307720,0
0.087309800,1
0.087311040,0
0.087313120,1
0.087314360,0
0.087316440,1
0.087317720,0
0.087319800,1
0.087321040,0
0.087323120,1
0.087324360,0
0.087326440,1
0.087327720,0
0.087329800,1
0.087331040,0
0.087333120,1
0.087334360,0
0.087336440,1
0.087337720,0
0.087339800,1
0.087341040,0
0.087343120,1
0.087344360,0
0.087346440,1
0.087347720,0
0.087349760,1
0.087351040,0
0.087353120,1
0.087354360,0
0.091106480,1
0.091107720,0
0.091109800,1
0.091111040,0
0.091113120,1
0.091114400,0
0.091116480,1
0.091117720,0
0.091119800,1
0.091121040,0
0.091123120,1
0.091124400,0
0.091126480,1
0.091127720,0
0.091129800,1
0.091131040,0
0.091133120,1
0.091134400,0
0.091136480,1
0.091137720,0
0.091139800,1
0.091141040,0
0.091143120,1
0.091144400,0
0.091146480,1
0.091147720,0
0.091149800,1
0.091151040,0
0.091153120,1
0.091154400,0
0.091156480,1
0.091157720,0
0.095301800,1
0.095303080,0
0.095305160,1
0.095306400,0
0.095308480,1
0.095309720,0
0.095311800,1
0.095313080,0
0.095315160,1
0.095316400,0
0.095318480,1
0.095319720,0
0.095321800,1
0.095323080,0
0.095325160,1
0.095326400,0
0.095328480,1
0.095329720,0
0.095331800,1
0.095333080,0
0.095335160,1
0.095336400,0
0.095338480,1
0.095339720,0
0.095341800,1
0.095343080,0
0.095345160,1
0.095346400,0
0.095348480,1
0.095349720,0
0.095351800,1
0.095353080,0
0.099322360,1
0.099323640,0
0.099325720,1
0.099326960,0
0.099329040,1
0.099330280,0
0.099332360,1
0.099333640,0
0.099335720,1
0.099336960,0
0.099339040,1
0.099340280,0
0.099342360,1
0.099343640,0
0.099345720,1
0.099346960,0
0.099349040,1
0.099350280,0
0.099352360,1
0.099353640,0
0.099355720,1
0.099356960,0
0.099359040,1
0.099360280,0
0.099362360,1
0.099363640,0
0.099365720,1
0.099366960,0
0.099369040,1
0.099370280,0
0.099372360,1
0.099373640,0
0.103303600,1
0.103304840,0
0.103306920,1
0.103308200,0
0.103310280,1
0.103311520,0
0.103313600,1
0.103314840,0
0.103316920,1
0.103318200,0
0.103320280,1
0.103321520,0
0.103323600,1
0.103324840,0
0.103326920,1
0.103328200,0
0.103330280,1
0.103331520,0
0.103333600,1
0.103334840,0
0.103336920,1
0.103338200,0
0.103340280,1
0.103341520,0
0.103343600,1
0.103344840,0
0.103346920,1
0.103348200,0
0.103350280,1
0.103351520,0
0.103353600,1
0.103354840,0
0.107240120,1
0.107241360,0
0.107243440,1
0.107244720,0
0.107246800,1
0.107248040,0
0.107250120,1
0.107251360,0
0.107253440,1
0.107254720,0
0.107256800,1
0.107258040,0
0.107260120,1
0.107261360,0
0.107263440,1
0.107264720,0
0.107266800,1
0.107268040,0
0.107270120,1
0.107271360,0
0.107273440,1
0.107274720,0
0.107276800,1
0.107278040,0
0.107280120,1
0.107281360,0
0.107283440,1
0.107284720,0
0.107286800,1
0.107288040,0
0.107290120,1
0.107291360,0
0.111168120,1
0.111169360,0
0.111171440,1
0.111172680,0
0.111174760,1
0.111176040,0
0.111178120,1
0.111179360,0
0.111181440,1
0.111182680,0
0.111184760,1
0.111186040,0
0.111188120,1
0.111189360,0
0.111191440,1
0.111192680,0
0.111194760,1
0.111196040,0
0.111198120,1
0.111199360,0
0.111201440,1
0.111202680,0
0.111204760,1
0.111206040,0
0.111208120,1
0.111209360,0
0.111211440,1
0.111212680,0
0.111214760,1
0.111216040,0
0.111218120,1
0.111219360,0
0.115322800,1
0.115324080,0
0.115326120,1
0.115327400,0
0.115329480,1
0.115330720,0
0.115332800,1
0.115334080,0
0.115336120,1
0.115337400,0
0.115339480,1
0.115340720,0
0.115342800,1
0.115344080,0
0.115346120,1
0.115347400,0
0.115349480,1
0.115350720,0
0.115352800,1
0.115354080,0
0.115356120,1
0.115357400,0
0.115359480,1
0.115360720,0
0.115362800,1
0.115364080,0
0.115366120,1
0.115367400,0
0.115369480,1
0.115370720,0
0.115372800,1
0.115374080,0
0.119991240,1
0.119992480,0
0.119994560,1
0.119995800,0
0.119997880,1
0.119999160,0
0.120001240,1
0.120002480,0
0.120004560,1
0.120005800,0
0.120007880,1
0.120009160,0
0.120011240,1
0.120012480,0
0.120014560,1
0.120015800,0
0.120017880,1
0.120019160,0
0.120021240,1
0.120022480,0
0.120024560,1
0.120025800,0
0.120027880,1
0.120029160,0
0.120031240,1
0.120032480,0
0.120034560,1
0.120035800,0
0.120037880,1
0.120039160,0
0.120041240,1
0.120042480,0
0.123240120,1
0.123241360,0
0.123243440,1
0.123244720,0
0.123246800,1
0.123248040,0
0.123250120,1
0.123251360,0
0.123253440,1
0.123254720,0
0.123256800,1
0.123258040,0
0.123260120,1
0.123261360,0
0.123263440,1
0.123264720,0
0.123266800,1
0.123268040,0
0.123270120,1
0.123271360,0
0.123273440,1
0.123274720,0
0.123276800,1
0.123278040,0
0.123280120,1
0.123281360,0
0.123283440,1
0.123284720,0
0.123286800,1
0.123288040,0
0.123290120,1
0.123291360,0
0.127302720,1
0.127303960,0
0.127306040,1
0.127307320,0
0.127309400,1
0.127310640,0
0.127312720,1
0.127313960,0
0.127316040,1
0.127317320,0
0.127319400,1
0.127320640,0
0.127322720,1
0.127323960,0
0.127326040,1
0.127327320,0
0.127329400,1
0.127330640,0
0.127332720,1
0.127333960,0
0.127336040,1
0.127337320,0
0.127339400,1
0.127340640,0
0.127342720,1
0.127343960,0
0.127346040,1
0.127347320,0
0.127349400,1
0.127350640,0
0.127352720,1
0.127353960,0
0.131184120,1
0.131185400,0
0.131187440,1
0.131188720,0
0.131190800,1
0.131192040,0
0.131194120,1
0.131195400,0
0.131197440,1
0.131198720,0
0.131200800,1
0.131202040,0
0.131204120,1
0.131205400,0
0.131207440,1
0.131208720,0
0.131210800,1
0.131212040,0
0.131214120,1
0.131215360,0
0.131217440,1
0.131218720,0
0.131220800,1
0.131222040,0
0.131224120,1
0.131225360,0
0.131227440,1
0.131228720,0
0.131230800,1
0.131232040,0
0.131234120,1
0.131235360,0
0.135301440,1
0.135302680,0
0.135304760,1
0.135306000,0
0.135308080,1
0.135309360,0
0.135311440,1
0.135312680,0
0.135314760,1
0.135316000,0
0.135318080,1
0.135319360,0
0.135321440,1
0.135322680,0
0.135324760,1
0.135326000,0
0.135328080,1
0.135329360,0
0.135331440,1
0.135332680,0
0.135334760,1
0.135336000,0
0.135338080,1
0.135339360,0
0.135341440,1
0.135342680,0
0.135344760,1
0.135346000,0
0.135348080,1
0.135349360,0
0.135351440,1
0.135352680,0
0.139241200,1
0.139242440,0
0.139244520,1
0.139245800,0
0.139247840,1
0.139249120,0
0.139251200,1
0.139252440,0
0.139254520,1
0.139255800,0
0.139257840,1
0.139259120,0
0.139261200,1
0.139262440,0
0.139264520,1
0.139265800,0
0.139267840,1
0.139269120,0
0.139271200,1
0.139272440,0
0.139274520,1
0.139275800,0
0.139277840,1
0.139279120,0
0.139281200,1
0.139282440,0
0.139284520,1
0.139285800,0
0.139287840,1
0.139289120,0
0.139291200,1
0.139292440,0
0.143299840,1
0.143301120,0
0.143303200,1
0.143304440,0
0.143306520,1
0.143307760,0
0.143309840,1
0.143311120,0
0.143313200,1
0.143314440,0
0.143316520,1
0.143317760,0
0.143319840,1
0.143321120,0
0.143323200,1
0.143324440,0
0.143326520,1
0.143327760,0
0.143329840,1
0.143331120,0
0.143333200,1
0.143334440,0
0.143336520,1
0.143337760,0
0.143339840,1
0.143341120,0
0.143343200,1
0.143344440,0
0.143346520,1
0.143347760,0
0.143349840,1
0.143351120,0
0.147320720,1
0.147321960,0
0.147324040,1
0.147325280,0
0.147327360,1
0.147328640,0
0.147330720,1
0.147331960,0
0.147334040,1
0.147335280,0
0.147337360,1
0.147338640,0
0.147340720,1
0.147341960,0
0.147344040,1
0.147345280,0
0.147347360,1
0.147348640,0
0.147350680,1
0.147351960,0
0.147354040,1
0.147355280,0
0.147357360,1
0.147358640,0
0.147360680,1
0.147361960,0
0.147364040,1
0.147365280,0
0.147367360,1
0.147368640,0
0.147370680,1
0.147371960,0
0.151166120,1
0.151167360,0
0.151169440,1
0.151170720,0
0.151172800,1
0.151174040,0
0.151176120,1
0.151177360,0
0.151179440,1
0.151180720,0
0.151182800,1
0.151184040,0
0.151186120,1
0.151187360,0
0.151189440,1
0.151190720,0
0.151192800,1
0.151194040,0
0.151196120,1
0.151197360,0
0.151199440,1
0.151200720,0
0.151202800,1
0.151204040,0
0.151206120,1
0.151207360,0
0.151209440,1
0.151210720,0
0.151212800,1
0.151214040,0
0.151216120,1
0.151217360,0
0.155238440,1
0.155239720,0
0.155241800,1
0.155243040,0
0.155245120,1
0.155246360,0
0.155248440,1
0.155249720,0
0.155251800,1
0.155253040,0
0.155255120,1
0.155256360,0
0.155258440,1
0.155259720,0
0.155261800,1
0.155263040,0
0.155265120,1
0.155266360,0
0.155268440,1
0.155269720,0
0.155271800,1
0.155273040,0
0.155275120,1
0.155276360,0
0.155278440,1
0.155279720,0
0.155281800,1
0.155283040,0
0.155285120,1
0.155286360,0
0.155288440,1
0.155289720,0
0.159991880,1
0.159993160,0
0.159995240,1
0.159996480,0
0.159998560,1
0.159999800,0
0.160001880,1
0.160003160,0
0.160005240,1
0.160006480,0
0.160008560,1
0.160009800,0
0.160011880,1
0.160013160,0
0.160015240,1
0.160016480,0
0.160018560,1
0.160019800,0
0.160021880,1
0.160023160,0
0.160025240,1
0.160026480,0
0.160028560,1
0.160029800,0
0.160031880,1
0.160033160,0
0.160035240,1
0.160036480,0
0.160038560,1
0.160039800,0
0.160041880,1
0.160043160,0
0.163321040,1
0.163322280,0
0.163324360,1
0.163325640,0
0.163327680,1
0.163328960,0
0.163331040,1
0.163332280,0
0.163334360,1
0.163335640,0
0.163337680,1
0.163338960,0
0.163341040,1
0.163342280,0
0.163344360,1
0.163345600,0
0.163347680,1
0.163348960,0
0.163351040,1
0.163352280,0
0.163354360,1
0.163355600,0
0.163357680,1
0.163358960,0
0.163361040,1
0.163362280,0
0.163364360,1
0.163365600,0
0.163367680,1
0.163368960,0
0.163371040,1
0.163372280,0
0.167299760,1
0.167301040,0
0.167303080,1
0.167304360,0
0.167306440,1
0.167307680,0
0.167309760,1
0.167311040,0
0.167313080,1
0.167314360,0
0.167316440,1
0.167317680,0
0.167319760,1
0.167321040,0
0.167323080,1
0.167324360,0
0.167326440,1
0.167327680,0
0.167329760,1
0.167331040,0
0.167333080,1
0.167334360,0
0.167336440,1
0.167337680,0
0.167339760,1
0.167341040,0
0.167343080,1
0.167344360,0
0.167346440,1
0.167347680,0
0.167349760,1
0.167351040,0
0.171102920,1
0.171104200,0
0.171106280,1
0.171107520,0
0.171109600,1
0.171110840,0
0.171112920,1
0.171114200,0
0.171116280,1
0.171117520,0
0.171119600,1
0.171120840,0
0.171122920,1
0.171124200,0
0.171126280,1
0.171127520,0
0.171129600,1
0.171130840,0
0.171132920,1
0.171134200,0
0.171136280,1
0.171137520,0
0.171139600,1
0.171140840,0
0.171142920,1
0.171144200,0
0.171146280,1
0.171147520,0
0.171149600,1
0.171150840,0
0.171152920,1
0.171154200,0
0.175301480,1
0.175302760,0
0.175304840,1
0.175306080,0
0.175308160,1
0.175309400,0
0.175311480,1
0.175312760,0
0.175314840,1
0.175316080,0
0.175318160,1
0.175319400,0
0.175321480,1
0.175322760,0
0.175324840,1
0.175326080,0
0.175328160,1
0.175329400,0
0.175331480,1
0.175332760,0
0.175334840,1
0.175336080,0
0.175338160,1
0.175339400,0
0.175341480,1
0.175342760,0
0.175344840,1
0.175346080,0
0.175348160,1
0.175349400,0
0.175351480,1
0.175352760,0
0.179318480,1
0.179319720,0
0.179321800,1
0.179323080,0
0.179325160,1
0.179326400,0
0.179328480,1
0.179329720,0
0.179331800,1
0.179333080,0
0.179335160,1
0.179336400,0
0.179338480,1
0.179339720,0
0.179341800,1
0.179343080,0
0.179345160,1
0.179346400,0
0.179348480,1
0.179349720,0
0.179351800,1
0.179353080,0
0.179355160,1
0.179356400,0
0.179358480,1
0.179359720,0
0.179361800,1
0.179363080,0
0.179365160,1
0.179366400,0
0.179368480,1
0.179369720,0
0.183300360,1
0.183301600,0
0.183303680,1
0.183304960,0
0.183307040,1
0.183308280,0
0.183310360,1
0.183311600,0
0.183313680,1
0.183314960,0
0.183317040,1
0.183318280,0
0.183320360,1
0.183321600,0
0.183323680,1
0.183324960,0
0.183327040,1
0.183328280,0
0.183330360,1
0.183331600,0
0.183333680,1
0.183334960,0
0.183337040,1
0.183338280,0
0.183340360,1
0.183341600,0
0.183343680,1
0.183344960,0
0.183347040,1
0.183348280,0
0.183350360,1
0.183351600,0
0.187239400,1
0.187240680,0
0.187242760,1
0.187244000,0
0.187246080,1
0.187247320,0
0.187249400,1
0.187250680,0
0.187252760,1
0.187254000,0
0.187256080,1
0.187257320,0
0.187259400,1
0.187260680,0
0.187262760,1
0.187264000,0
0.187266080,1
0.187267320,0
0.187269400,1
0.187270680,0
0.187272760,1
0.187274000,0
0.187276080,1
0.187277320,0
0.187279400,1
0.187280680,0
0.187282760,1
0.187284000,0
0.187286080,1
0.187287320,0
0.187289400,1
0.187290680,0
0.191162480,1
0.191163720,0
0.191165800,1
0.191167040,0
0.191169120,1
0.191170400,0
0.191172480,1
0.191173720,0
0.191175800,1
0.191177040,0
0.191179120,1
0.191180400,0
0.191182480,1
0.191183720,0
0.191185800,1
0.191187040,0
0.191189120,1
0.191190400,0
0.191192480,1
0.191193720,0
0.191195800,1
0.191197040,0
0.191199120,1
0.191200400,0
0.191202480,1
0.191203720,0
0.191205800,1
0.191207040,0
0.191209120,1
0.191210400,0
0.191212480,1
0.191213720,0
0.195319680,1
0.195320960,0
0.195323040,1
0.195324280,0
0.195326360,1
0.195327600,0
0.195329680,1
0.195330960,0
0.195333040,1
0.195334280,0
0.195336360,1
0.195337600,0
0.195339680,1
0.195340960,0
0.195343040,1
0.195344280,0
0.195346360,1
0.195347600,0
0.195349680,1
0.195350960,0
0.195353040,1
0.195354280,0
0.195356360,1
0.195357600,0
0.195359680,1
0.195360960,0
0.195363040,1
0.195364280,0
0.195366360,1
0.195367600,0
0.195369680,1
0.195370960,0
0.199992560,1
0.199993800,0
0.199995880,1
0.199997120,0
0.199999200,1
0.200000480,0
0.200002560,1
0.200003800,0
0.200005880,1
0.200007120,0
0.200009200,1
0.200010480,0
0.200012560,1
0.200013800,0
0.200015880,1
0.200017120,0
0.200019200,1
0.200020480,0
0.200022560,1
0.200023800,0
0.200025880,1
0.200027120,0
0.200029200,1
0.200030480,0
0.200032560,1
0.200033800,0
0.200035880,1
0.200037120,0
0.200039200,1
0.200040480,0
0.200042560,1
0.200043800,0
0.203237080,1
0.203238320,0
0.203240400,1
0.203241680,0
0.203243760,1
0.203245000,0
0.203247080,1
0.203248320,0
0.203250400,1
0.203251680,0
0.203253760,1
0.203255000,0
0.203257080,1
0.203258320,0
0.203260400,1
0.203261680,0
0.203263760,1
0.203265000,0
0.203267080,1
0.203268320,0
0.203270400,1
0.203271680,0
0.203273760,1
0.203275000,0
0.203277080,1
0.203278320,0
0.203280400,1
0.203281680,0
0.203283760,1
0.203285000,0
0.203287080,1
0.203288320,0
0.207298680,1
0.207299960,0
0.207302040,1
0.207303280,0
0.207305360,1
0.207306600,0
0.207308680,1
0.207309960,0
0.207312040,1
0.207313280,0
0.207315360,1
0.207316600,0
0.207318680,1
0.207319960,0
0.207322040,1
0.207323280,0
0.207325360,1
0.207326600,0
0.207328680,1
0.207329960,0
0.207332040,1
0.207333280,0
0.207335360,1
0.207336600,0
0.207338680,1
0.207339960,0
0.207342040,1
0.207343280,0
0.207345360,1
0.207346600,0
0.207348680,1
0.207349960,0
0.211183760,1
0.211185000,0
0.211187080,1
0.211188360,0
0.211190440,1
0.211191680,0
0.211193760,1
0.211195000,0
0.211197080,1
0.211198360,0
0.211200440,1
0.211201680,0
0.211203760,1
0.211205000,0
0.211207080,1
0.211208360,0
0.211210440,1
0.211211680,0
0.211213760,1
0.211215000,0
0.211217080,1
0.211218360,0
0.211220440,1
0.211221680,0
0.211223760,1
0.211225000,0
0.211227080,1
0.211228360,0
0.211230440,1
0.211231680,0
0.211233760,1
0.211235000,0
0.215297640,1
0.215298880,0
0.215300960,1
0.215302240,0
0.215304320,1
0.215305560,0
0.215307640,1
0.215308880,0
0.215310960,1
0.215312240,0
0.215314320,1
0.215315560,0
0.215317640,1
0.215318880,0
0.215320960,1
0.215322240,0
0.215324320,1
0.215325560,0
0.215327640,1
0.215328880,0
0.215330960,1
0.215332240,0
0.215334320,1
0.215335560,0
0.215337640,1
0.215338880,0
0.215340960,1
0.215342240,0
0.215344320,1
0.215345560,0
0.215347640,1
0.215348880,0
0.219237440,1
0.219238720,0
0.219240800,1
0.219242040,0
0.219244120,1
0.219245360,0
0.219247440,1
0.219248720,0
0.219250800,1
0.219252040,0
0.219254120,1
0.219255360,0
0.219257440,1
0.219258720,0
0.219260800,1
0.219262040,0
0.219264120,1
0.219265360,0
0.219267440,1
0.219268720,0
0.219270800,1
0.219272040,0
0.219274120,1
0.219275360,0
0.219277440,1
0.219278720,0
0.219280800,1
0.219282040,0
0.219284120,1
0.219285360,0
0.219287440,1
0.219288720,0
0.223299040,1
0.223300280,0
0.223302360,1
0.223303640,0
0.223305720,1
0.223306960,0
0.223309040,1
0.223310280,0
0.223312360,1
0.223313640,0
0.223315720,1
0.223316960,0
0.223319040,1
0.223320280,0
0.223322360,1
0.223323640,0
0.223325720,1
0.223326960,0
0.223329040,1
0.223330280,0
0.223332360,1
0.223333640,0
0.223335720,1
0.223336960,0
0.223339040,1
0.223340280,0
0.223342360,1
0.223343640,0
0.223345720,1
0.223346960,0
0.223349040,1
0.223350280,0
0.227317000,1
0.227318280,0
0.227320360,1
0.227321600,0
0.227323680,1
0.227324920,0
0.227327000,1
0.227328280,0
0.227330360,1
0.227331600,0
0.227333680,1
0.227334920,0
0.227337000,1
0.227338280,0
0.227340360,1
0.227341600,0
0.227343680,1
0.227344920,0
0.227347000,1
0.227348280,0
0.227350360,1
0.227351600,0
0.227353680,1
0.227354920,0
0.227357000,1
0.227358280,0
0.227360360,1
0.227361600,0
0.227363680,1
0.227364920,0
0.227367000,1
0.227368280,0
0.231162280,1
0.231163520,0
0.231165600,1
0.231166880,0
0.231168960,1
0.231170200,0
0.231172280,1
0.231173520,0
0.231175600,1
0.231176880,0
0.231178960,1
0.231180200,0
0.231182280,1
0.231183520,0
0.231185600,1
0.231186880,0
0.231188960,1
0.231190200,0
0.231192280,1
0.231193520,0
0.231195600,1
0.231196880,0
0.231198960,1
0.231200200,0
0.231202280,1
0.231203520,0
0.231205600,1
0.231206880,0
0.231208960,1
0.231210200,0
0.231212280,1
0.231213520,0
0.235931520,1
0.235932760,0
0.235934840,1
0.235936080,0
0.235938160,1
0.235939440,0
0.235941520,1
0.235942760,0
0.235944840,1
0.235946080,0
0.235948160,1
0.235949440,0
0.235951520,1
0.235952760,0
0.235954840,1
0.235956080,0
0.235958160,1
0.235959440,0
0.235961520,1
0.235962760,0
0.235964840,1
0.235966080,0
0.235968160,1
0.235969440,0
0.235971520,1
0.235972760,0
0.235974840,1
0.235976080,0
0.235978160,1
0.235979440,0
0.235981520,1
0.235982760,0
0.239297600,1
0.239298840,0
0.239300920,1
0.239302160,0
0.239304240,1
0.239305520,0
0.239307600,1
0.239308840,0
0.239310920,1
0.239312160,0
0.239314240,1
0.239315520,0
0.239317600,1
0.239318840,0
0.239320920,1
0.239322160,0
0.239324240,1
0.239325520,0
0.239327600,1
0.239328840,0
0.239330920,1
0.239332160,0
0.239334240,1
0.239335520,0
0.239337600,1
0.239338840,0
0.239340920,1
0.239342160,0
0.239344240,1
0.239345520,0
0.239347600,1
0.239348840,0
0.243317720,1
0.243318960,0
0.243321040,1
0.243322280,0
0.243324360,1
0.243325640,0
0.243327720,1
0.243328960,0
0.243331040,1
0.243332280,0
0.243334360,1
0.243335640,0
0.243337720,1
0.243338960,0
0.243341040,1
0.243342280,0
0.243344360,1
0.243345640,0
0.243347720,1
0.243348960,0
0.243351040,1
0.243352280,0
0.243354360,1
0.243355640,0
0.243357720,1
0.243358960,0
0.243361040,1
0.243362280,0
0.243364360,1
0.243365640,0
0.243367720,1
0.243368960,0
0.247297520,1
0.247298800,0
0.247300840,1
0.247302120,0
0.247304200,1
0.247305440,0
0.247307520,1
0.247308800,0
0.247310840,1
0.247312120,0
0.247314200,1
0.247315440,0
0.247317520,1
0.247318800,0
0.247320840,1
0.247322120,0
0.247324200,1
0.247325440,0
0.247327520,1
0.247328800,0
0.247330840,1
0.247332120,0
0.247334200,1
0.247335440,0
0.247337520,1
0.247338800,0
0.247340840,1
0.247342120,0
0.247344200,1
0.247345440,0
0.247347520,1
0.247348800,0
0.251100040,1
0.251101320,0
0.251103400,1
0.251104640,0
0.251106720,1
0.251108000,0
0.251110040,1
0.251111320,0
0.251113400,1
0.251114640,0
0.251116720,1
0.251118000,0
0.251120040,1
0.251121320,0
0.251123400,1
0.251124640,0
0.251126720,1
0.251128000,0
0.251130040,1
0.251131320,0
0.251133400,1
0.251134640,0
0.251136720,1
0.251138000,0
0.251140040,1
0.251141320,0
0.251143400,1
0.251144640,0
0.251146720,1
0.251148000,0
0.251150040,1
0.251151320,0
0.255298800,1
0.255300080,0
0.255302160,1
0.255303400,0
0.255305480,1
0.255306720,0
0.255308800,1
0.255310080,0
0.255312160,1
0.255313400,0
0.255315480,1
0.255316720,0
0.255318800,1
0.255320080,0
0.255322160,1
0.255323400,0
0.255325480,1
0.255326720,0
0.255328800,1
0.255330080,0
0.255332160,1
0.255333400,0
0.255335480,1
0.255336720,0
0.255338800,1
0.255340080,0
0.255342160,1
0.255343400,0
0.255345480,1
0.255346720,0
0.255348800,1
0.255350080,0
0.259315560,1
0.259316800,0
0.259318880,1
0.259320160,0
0.259322240,1
0.259323480,0
0.259325560,1
0.259326800,0
0.259328880,1
0.259330160,0
0.259332240,1
0.259333480,0
0.259335560,1
0.259336800,0
0.259338880,1
0.259340160,0
0.259342240,1
0.259343480,0
0.259345560,1
0.259346800,0
0.259348880,1
0.259350160,0
0.259352240,1
0.259353480,0
0.259355560,1
0.259356800,0
0.259358880,1
0.259360160,0
0.259362240,1
0.259363480,0
0.259365560,1
0.259366800,0
0.263296960,1
0.263298200,0
0.263300280,1
0.263301560,0
0.263303640,1
0.263304880,0
0.263306960,1
0.263308200,0
0.263310280,1
0.263311560,0
0.263313640,1
0.263314880,0
0.263316960,1
0.263318200,0
0.263320280,1
0.263321560,0
0.263323640,1
0.263324880,0
0.263326960,1
0.263328200,0
0.263330280,1
0.263331560,0
0.263333640,1
0.263334880,0
0.263336960,1
0.263338200,0
0.263340280,1
0.263341560,0
0.263343640,1
0.263344880,0
0.263346960,1
0.263348200,0
0.267236480,1
0.267237720,0
0.267239800,1
0.267241080,0
0.267243160,1
0.267244400,0
0.267246480,1
0.267247720,0
0.267249800,1
0.267251080,0
0.267253160,1
0.267254400,0
0.267256480,1
0.267257720,0
0.267259800,1
0.267261080,0
0.267263160,1
0.267264400,0
0.267266480,1
0.267267720,0
0.267269800,1
0.267271080,0
0.267273160,1
0.267274400,0
0.267276480,1
0.267277720,0
0.267279800,1
0.267281080,0
0.267283160,1
0.267284400,0
0.267286480,1
0.267287720,0
0.271159880,1
0.271161120,0
0.271163200,1
0.271164440,0
0.271166520,1
0.271167800,0
0.271169880,1
0.271171120,0
0.271173200,1
0.271174440,0
0.271176520,1
0.271177800,0
0.271179880,1
0.271181120,0
0.271183200,1
0.271184440,0
0.271186520,1
0.271187800,0
0.271189880,1
0.271191120,0
0.271193200,1
0.271194440,0
0.271196520,1
0.271197800,0
0.271199880,1
0.271201120,0
0.271203200,1
0.271204440,0
0.271206520,1
0.271207800,0
0.271209880,1
0.271211120,0
0.275891600,1
0.275892880,0
0.275894960,1
0.275896200,0
0.275898280,1
0.275899520,0
0.275901600,1
0.275902880,0
0.275904960,1
0.275906200,0
0.275908280,1
0.275909520,0
0.275911600,1
0.275912880,0
0.275914960,1
0.275916200,0
0.275918280,1
0.275919520,0
0.275921600,1
0.275922880,0
0.275924960,1
0.275926200,0
0.275928280,1
0.275929520,0
0.275931600,1
0.275932880,0
0.275934960,1
0.275936200,0
0.275938280,1
0.275939520,0
0.275941600,1
0.275942880,0
0.279296040,1
0.279297280,0
0.279299360,1
0.279300640,0
0.279302720,1
0.279303960,0
0.279306040,1
0.279307280,0
0.279309360,1
0.279310640,0
0.279312720,1
0.279313960,0
0.279316040,1
0.279317280,0
0.279319360,1
0.279320640,0
0.279322720,1
0.279323960,0
0.279326040,1
0.279327280,0
0.279329360,1
0.279330640,0
0.279332720,1
0.279333960,0
0.279336040,1
0.279337280,0
0.279339360,1
0.279340640,0
0.279342720,1
0.279343960,0
0.279346040,1
0.279347280,0
0.283234880,1
0.283236160,0
0.283238240,1
0.283239480,0
0.283241560,1
0.283242800,0
0.283244880,1
0.283246160,0
0.283248240,1
0.283249480,0
0.283251560,1
0.283252800,0
0.283254880,1
0.283256160,0
0.283258240,1
0.283259480,0
0.283261560,1
0.283262800,0
0.283264880,1
0.283266160,0
0.283268240,1
0.283269480,0
0.283271560,1
0.283272800,0
0.283274880,1
0.283276160,0
0.283278240,1
0.283279480,0
0.283281560,1
0.283282800,0
0.283284880,1
0.283286160,0
0.287295480,1
0.287296720,0
0.287298800,1
0.287300040,0
0.287302120,1
0.287303400,0
0.287305480,1
0.287306720,0
0.287308800,1
0.287310040,0
0.287312120,1
0.287313400,0
0.287315480,1
0.287316720,0
0.287318800,1
0.287320040,0
0.287322120,1
0.287323400,0
0.287325480,1
0.287326720,0
0.287328800,1
0.287330040,0
0.287332120,1
0.287333400,0
0.287335480,1
0.287336720,0
0.287338800,1
0.287340040,0
0.287342120,1
0.287343400,0
0.287345480,1
0.287346720,0
0.291179840,1
0.291181120,0
0.291183160,1
0.291184440,0
0.291186520,1
0.291187760,0
0.291189840,1
0.291191120,0
0.291193160,1
0.291194440,0
0.291196520,1
0.291197760,0
0.291199840,1
0.291201120,0
0.291203160,1
0.291204440,0
0.291206520,1
0.291207760,0
0.291209840,1
0.291211120,0
0.291213160,1
0.291214440,0
0.291216520,1
0.291217760,0
0.291219840,1
0.291221080,0
0.291223160,1
0.291224440,0
0.291226520,1
0.291227760,0
0.291229840,1
0.291231080,0
0.295297440,1
0.295298720,0
0.295300800,1
0.295302040,0
0.295304120,1
0.295305400,0
0.295307440,1
0.295308720,0
0.295310800,1
0.295312040,0
0.295314120,1
0.295315400,0
0.295317440,1
0.295318720,0
0.295320800,1
0.295322040,0
0.295324120,1
0.295325400,0
0.295327440,1
0.295328720,0
0.295330800,1
0.295332040,0
0.295334120,1
0.295335400,0
0.295337440,1
0.295338720,0
0.295340800,1
0.295342040,0
0.295344120,1
0.295345400,0
0.295347440,1
0.295348720,0
0.299233320,1
0.299234600,0
0.299236680,1
0.299237920,0
0.299240000,1
0.299241280,0
0.299243320,1
0.299244600,0
0.299246680,1
0.299247920,0
0.299250000,1
0.299251280,0
0.299253320,1
0.299254600,0
0.299256680,1
0.299257920,0
0.299260000,1
0.299261240,0
0.299263320,1
0.299264600,0
0.299266680,1
0.299267920,0
0.299270000,1
0.299271240,0
0.299273320,1
0.299274600,0
0.299276680,1
0.299277920,0
0.299280000,1
0.299281240,0
0.299283320,1
0.299284600,0
0.303295880,1
0.303297120,0
0.303299200,1
0.303300480,0
0.303302560,1
0.303303800,0
0.303305880,1
0.303307120,0
0.303309200,1
0.303310480,0
0.303312560,1
0.303313800,0
0.303315880,1
0.303317120,0
0.303319200,1
0.303320480,0
0.303322560,1
0.303323800,0
0.303325880,1
0.303327120,0
0.303329200,1
0.303330480,0
0.303332560,1
0.303333800,0
0.303335880,1
0.303337120,0
0.303339200,1
0.303340480,0
0.303342560,1
0.303343800,0
0.303345880,1
0.303347120,0
0.307316840,1
0.307318120,0
0.307320160,1
0.307321440,0
0.307323520,1
0.307324760,0
0.307326840,1
0.307328120,0
0.307330160,1
0.307331440,0
0.307333520,1
0.307334760,0
0.307336840,1
0.307338120,0
0.307340160,1
0.307341440,0
0.307343520,1
0.307344760,0
0.307346840,1
0.307348120,0
0.307350160,1
0.307351440,0
0.307353520,1
0.307354760,0
0.307356840,1
0.307358120,0
0.307360160,1
0.307361440,0
0.307363520,1
0.307364760,0
0.307366840,1
0.307368120,0
0.311159360,1
0.311160640,0
0.311162720,1
0.311163960,0
0.311166040,1
0.311167320,0
0.311169360,1
0.311170640,0
0.311172720,1
0.311173960,0
0.311176040,1
0.311177280,0
0.311179360,1
0.311180640,0
0.311182720,1
0.311183960,0
0.311186040,1
0.311187280,0
0.311189360,1
0.311190640,0
0.311192720,1
0.311193960,0
0.311196040,1
0.311197280,0
0.311199360,1
0.311200640,0
0.311202720,1
0.311203960,0
0.311206040,1
0.311207280,0
0.311209360,1
0.311210640,0
0.315233280,1
0.315234520,0
0.315236600,1
0.315237840,0
0.315239920,1
0.315241200,0
0.315243280,1
0.315244520,0
0.315246600,1
0.315247840,0
0.315249920,1
0.315251200,0
0.315253280,1
0.315254520,0
0.315256600,1
0.315257840,0
0.315259920,1
0.315261200,0
0.315263280,1
0.315264520,0
0.315266600,1
0.315267840,0
0.315269920,1
0.315271200,0
0.315273280,1
0.315274520,0
0.315276600,1
0.315277840,0
0.315279920,1
0.315281200,0
0.315283280,1
0.315284520,0
0.319988760,1
0.319990040,0
0.319992120,1
0.319993360,0
0.319995440,1
0.319996680,0
0.319998760,1
0.320000040,0
0.320002120,1
0.320003360,0
0.320005440,1
0.320006680,0
0.320008760,1
0.320010040,0
0.320012120,1
0.320013360,0
0.320015440,1
0.320016680,0
0.320018760,1
0.320020040,0
0.320022120,1
0.320023360,0
0.320025440,1
0.320026680,0
0.320028760,1
0.320030040,0
0.320032120,1
0.320033360,0
0.320035440,1
0.320036680,0
0.320038760,1
0.320040040,0
0.323316360,1
0.323317640,0
0.323319720,1
0.323320960,0
0.323323040,1
0.323324280,0
0.323326360,1
0.323327640,0
0.323329720,1
0.323330960,0
0.323333040,1
0.323334280,0
0.323336360,1
0.323337640,0
0.323339720,1
0.323340960,0
0.323343040,1
0.323344280,0
0.323346360,1
0.323347640,0
0.323349720,1
0.323350960,0
0.323353040,1
0.323354280,0
0.323356360,1
0.323357640,0
0.323359720,1
0.323360960,0
0.323363040,1
0.323364280,0
0.323366360,1
0.323367640,0
0.327295160,1
0.327296400,0
0.327298480,1
0.327299720,0
0.327301800,1
0.327303080,0
0.327305160,1
0.327306400,0
0.327308480,1
0.327309720,0
0.327311800,1
0.327313080,0
0.327315160,1
0.327316400,0
0.327318480,1
0.327319720,0
0.327321800,1
0.327323080,0
0.327325160,1
0.327326400,0
0.327328480,1
0.327329720,0
0.327331800,1
0.327333080,0
0.327335160,1
0.327336400,0
0.327338480,1
0.327339720,0
0.327341800,1
0.327343080,0
0.327345160,1
0.327346400,0
0.331098200,1
0.331099440,0
0.331101520,1
0.331102760,0
0.331104840,1
0.331106120,0
0.331108200,1
0.331109440,0
0.331111520,1
0.331112760,0
0.331114840,1
0.331116120,0
0.331118200,1
0.331119440,0
0.331121520,1
0.331122760,0
0.331124840,1
0.331126120,0
0.331128200,1
0.331129440,0
0.331131520,1
0.331132760,0
0.331134840,1
0.331136120,0
0.331138200,1
0.331139440,0
0.331141520,1
0.331142760,0
0.331144840,1
0.331146120,0
0.331148200,1
0.331149440,0
0.335295360,1
0.335296600,0
0.335298680,1
0.335299920,0
0.335302000,1
0.335303280,0
0.335305360,1
0.335306600,0
0.335308680,1
0.335309920,0
0.335312000,1
0.335313280,0
0.335315360,1
0.335316600,0
0.335318680,1
0.335319920,0
0.335322000,1
0.335323280,0
0.335325360,1
0.335326600,0
0.335328680,1
0.335329920,0
0.335332000,1
0.335333280,0
0.335335360,1
0.335336600,0
0.335338680,1
0.335339920,0
0.335342000,1
0.335343280,0
0.335345360,1
0.335346600,0
0.339314560,1
0.339315800,0
0.339317880,1
0.339319120,0
0.339321200,1
0.339322480,0
0.339324560,1
0.339325800,0
0.339327880,1
0.339329120,0
0.339331200,1
0.339332480,0
0.339334520,1
0.339335800,0
0.339337880,1
0.339339120,0
0.339341200,1
0.339342480,0
0.339344520,1
0.339345800,0
0.339347880,1
0.339349120,0
0.339351200,1
0.339352480,0
0.339354520,1
0.339355800,0
0.339357880,1
0.339359120,0
0.339361200,1
0.339362480,0
0.339364520,1
0.339365800,0
0.343295840,1
0.343297080,0
0.343299160,1
0.343300440,0
0.343302520,1
0.343303760,0
0.343305840,1
0.343307080,0
0.343309160,1
0.343310440,0
0.343312520,1
0.343313760,0
0.343315840,1
0.343317080,0
0.343319160,1
0.343320440,0
0.343322480,1
0.343323760,0
0.343325840,1
0.343327080,0
0.343329160,1
0.343330440,0
0.343332480,1
0.343333760,0
0.343335840,1
0.343337080,0
0.343339160,1
0.343340440,0
0.343342480,1
0.343343760,0
0.343345840,1
0.343347080,0
0.347232160,1
0.347233400,0
0.347235480,1
0.347236760,0
0.347238840,1
0.347240080,0
0.347242160,1
0.347243400,0
0.347245480,1
0.347246760,0
0.347248840,1
0.347250080,0
0.347252160,1
0.347253400,0
0.347255480,1
0.347256760,0
0.347258840,1
0.347260080,0
0.347262160,1
0.347263400,0
0.347265480,1
0.347266760,0
0.347268840,1
0.347270080,0
0.347272160,1
0.347273400,0
0.347275480,1
0.347276760,0
0.347278840,1
0.347280080,0
0.347282160,1
0.347283400,0
0.351158840,1
0.351160080,0
0.351162160,1
0.351163400,0
0.351165480,1
0.351166760,0
0.351168840,1
0.351170080,0
0.351172160,1
0.351173400,0
0.351175480,1
0.351176760,0
0.351178840,1
0.351180080,0
0.351182160,1
0.351183400,0
0.351185480,1
0.351186760,0
0.351188840,1
0.351190080,0
0.351192160,1
0.351193400,0
0.351195480,1
0.351196760,0
0.351198840,1
0.351200080,0
0.351202160,1
0.351203400,0
0.351205480,1
0.351206760,0
0.351208840,1
0.351210080,0
0.355317280,1
0.355318560,0
0.355320640,1
0.355321880,0
0.355323960,1
0.355325200,0
0.355327280,1
0.355328560,0
0.355330640,1
0.355331880,0
0.355333960,1
0.355335200,0
0.355337280,1
0.355338560,0
0.355340640,1
0.355341880,0
0.355343960,1
0.355345200,0
0.355347280,1
0.355348560,0
0.355350640,1
0.355351880,0
0.355353960,1
0.355355200,0
0.355357280,1
0.355358560,0
0.355360640,1
0.355361880,0
0.355363960,1
0.355365200,0
0.355367280,1
0.355368560,0
0.359982840,1
0.359984080,0
0.359986160,1
0.359987440,0
0.359989520,1
0.359990760,0
0.359992840,1
0.359994080,0
0.359996160,1
0.359997440,0
0.359999520,1
0.360000760,0
0.360002840,1
0.360004080,0
0.360006160,1
0.360007440,0
0.360009520,1
0.360010760,0
0.360012840,1
0.360014080,0
0.360016160,1
0.360017440,0
0.360019520,1
0.360020760,0
0.360022840,1
0.360024080,0
0.360026160,1
0.360027440,0
0.360029520,1
0.360030760,0
0.360032840,1
0.360034080,0
0.363232520,1
0.363233760,0
0.363235840,1
0.363237080,0
0.363239160,1
0.363240440,0
0.363242520,1
0.363243760,0
0.363245840,1
0.363247080,0
0.363249160,1
0.363250440,0
0.363252520,1
0.363253760,0
0.363255840,1
0.363257080,0
0.363259160,1
0.363260440,0
0.363262520,1
0.363263760,0
0.363265840,1
0.363267080,0
0.363269160,1
0.363270440,0
0.363272520,1
0.363273760,0
0.363275840,1
0.363277080,0
0.363279160,1
0.363280440,0
0.363282520,1
0.363283760,0
0.367295160,1
0.367296400,0
0.367298480,1
0.367299760,0
0.367301840,1
0.367303080,0
0.367305160,1
0.367306400,0
0.367308480,1
0.367309760,0
0.367311840,1
0.367313080,0
0.367315160,1
0.367316400,0
0.367318480,1
0.367319760,0
0.367321840,1
0.367323080,0
0.367325160,1
0.367326400,0
0.367328480,1
0.367329760,0
0.367331840,1
0.367333080,0
0.367335160,1
0.367336400,0
0.367338480,1
0.367339760,0
0.367341840,1
0.367343080,0
0.367345160,1
0.367346400,0
0.371178480,1
0.371179760,0
0.371181840,1
0.371183080,0
0.371185160,1
0.371186400,0
0.371188480,1
0.371189760,0
0.371191840,1
0.371193080,0
0.371195160,1
0.371196400,0
0.371198480,1
0.371199760,0
0.371201840,1
0.371203080,0
0.371205160,1
0.371206400,0
0.371208480,1
0.371209760,0
0.371211840,1
0.371213080,0
0.371215160,1
0.371216400,0
0.371218480,1
0.371219760,0
0.371221840,1
0.371223080,0
0.371225160,1
0.371226400,0
0.371228480,1
0.371229760,0
0.375294600,1
0.375295840,0
0.375297920,1
0.375299200,0
0.375301280,1
0.375302520,0
0.375304600,1
0.375305840,0
0.375307920,1
0.375309200,0
0.375311280,1
0.375312520,0
0.375314600,1
0.375315840,0
0.375317920,1
0.375319200,0
0.375321280,1
0.375322520,0
0.375324600,1
0.375325840,0
0.375327920,1
0.375329200,0
0.375331280,1
0.375332520,0
0.375334600,1
0.375335840,0
0.375337920,1
0.375339200,0
0.375341280,1
0.375342520,0
0.375344600,1
0.375345840,0
0.379232880,1
0.379234160,0
0.379236240,1
0.379237480,0
0.379239560,1
0.379240800,0
0.379242880,1
0.379244160,0
0.379246240,1
0.379247480,0
0.379249560,1
0.379250800,0
0.379252880,1
0.379254160,0
0.379256240,1
0.379257480,0
0.379259560,1
0.379260800,0
0.379262880,1
0.379264160,0
0.379266240,1
0.379267480,0
0.379269560,1
0.379270800,0
0.379272880,1
0.379274160,0
0.379276240,1
0.379277480,0
0.379279560,1
0.379280800,0
0.379282880,1
0.379284160,0
0.383292520,1
0.383293800,0
0.383295880,1
0.383297120,0
0.383299200,1
0.383300480,0
0.383302520,1
0.383303800,0
0.383305880,1
0.383307120,0
0.383309200,1
0.383310480,0
0.383312520,1
0.383313800,0
0.383315880,1
0.383317120,0
0.383319200,1
0.383320480,0
0.383322520,1
0.383323800,0
0.383325880,1
0.383327120,0
0.383329200,1
0.383330480,0
0.383332520,1
0.383333800,0
0.383335880,1
0.383337120,0
0.383339200,1
0.383340480,0
0.383342520,1
0.383343800,0
0.387312080,1
0.387313360,0
0.387315440,1
0.387316680,0
0.387318760,1
0.387320040,0
0.387322080,1
0.387323360,0
0.387325440,1
0.387326680,0
0.387328760,1
0.387330040,0
0.387332080,1
0.387333360,0
0.387335440,1
0.387336680,0
0.387338760,1
0.387340000,0
0.387342080,1
0.387343360,0
0.387345440,1
0.387346680,0
0.387348760,1
0.387350000,0
0.387352080,1
0.387353360,0
0.387355440,1
0.387356680,0
0.387358760,1
0.387360000,0
0.387362080,1
0.387363360,0
0.391158800,1
0.391160040,0
0.391162120,1
0.391163360,0
0.391165440,1
0.391166720,0
0.391168800,1
0.391170040,0
0.391172120,1
0.391173360,0
0.391175440,1
0.391176720,0
0.391178800,1
0.391180040,0
0.391182120,1
0.391183360,0
0.391185440,1
0.391186720,0
0.391188800,1
0.391190040,0
0.391192120,1
0.391193360,0
0.391195440,1
0.391196720,0
0.391198800,1
0.391200040,0
0.391202120,1
0.391203360,0
0.391205440,1
0.391206720,0
0.391208800,1
0.391210040,0
0.395230520,1
0.395231760,0
0.395233840,1
0.395235080,0
0.395237160,1
0.395238440,0
0.395240520,1
0.395241760,0
0.395243840,1
0.395245080,0
0.395247160,1
0.395248440,0
0.395250520,1
0.395251760,0
0.395253840,1
0.395255080,0
0.395257160,1
0.395258440,0
0.395260520,1
0.395261760,0
0.395263840,1
0.395265080,0
0.395267160,1
0.395268440,0
0.395270520,1
0.395271760,0
0.395273840,1
0.395275080,0
0.395277160,1
0.395278440,0
0.395280520,1
0.395281760,0
0.399983160,1
0.399984400,0
0.399986480,1
0.399987760,0
0.399989840,1
0.399991080,0
0.399993160,1
0.399994400,0
0.399996480,1
0.399997760,0
0.399999840,1
0.400001080,0
0.400003160,1
0.400004400,0
0.400006480,1
0.400007760,0
0.400009840,1
0.400011080,0
0.400013160,1
0.400014400,0
0.400016480,1
0.400017760,0
0.400019840,1
0.400021080,0
0.400023160,1
0.400024400,0
0.400026480,1
0.400027760,0
0.400029840,1
0.400031080,0
0.400033160,1
0.400034400,0
0.403313160,1
0.403314400,0
0.403316480,1
0.403317760,0
0.403319840,1
0.403321080,0
0.403323160,1
0.403324400,0
0.403326480,1
0.403327760,0
0.403329800,1
0.403331080,0
0.403333160,1
0.403334400,0
0.403336480,1
0.403337760,0
0.403339800,1
0.403341080,0
0.403343160,1
0.403344400,0
0.403346480,1
0.403347760,0
0.403349800,1
0.403351080,0
0.403353160,1
0.403354400,0
0.403356480,1
0.403357760,0
0.403359800,1
0.403361080,0
0.403363160,1
0.403364400,0
0.407291760,1
0.407293000,0
0.407295080,1
0.407296360,0
0.407298440,1
0.407299680,0
0.407301760,1
0.407303000,0
0.407305080,1
0.407306360,0
0.407308440,1
0.407309680,0
0.407311760,1
0.407313000,0
0.407315080,1
0.407316360,0
0.407318440,1
0.407319680,0
0.407321760,1
0.407323000,0
0.407325080,1
0.407326360,0
0.407328440,1
0.407329680,0
0.407331760,1
0.407333000,0
0.407335080,1
0.407336360,0
0.407338440,1
0.407339680,0
0.407341760,1
0.407343000,0
0.411094280,1
0.411095560,0
0.411097640,1
0.411098880,0
0.411100960,1
0.411102200,0
0.411104280,1
0.411105560,0
0.411107640,1
0.411108880,0
0.411110960,1
0.411112200,0
0.411114280,1
0.411115560,0
0.411117640,1
0.411118880,0
0.411120960,1
0.411122200,0
0.411124280,1
0.411125560,0
0.411127640,1
0.411128880,0
0.411130960,1
0.411132200,0
0.411134280,1
0.411135560,0
0.411137640,1
0.411138880,0
0.411140960,1
0.411142200,0
0.411144280,1
0.411145560,0
0.415293120,1
0.415294360,0
0.415296440,1
0.415297720,0
0.415299800,1
0.415301040,0
0.415303120,1
0.415304360,0
0.415306440,1
0.415307720,0
0.415309800,1
0.415311040,0
0.415313120,1
0.415314360,0
0.415316440,1
0.415317720,0
0.415319800,1
0.415321040,0
0.415323120,1
0.415324360,0
0.415326440,1
0.415327720,0
0.415329800,1
0.415331040,0
0.415333120,1
0.415334360,0
0.415336440,1
0.415337720,0
0.415339800,1
0.415341040,0
0.415343120,1
0.415344360,0
0.419310400,1
0.419311640,0
0.419313720,1
0.419314960,0
0.419317040,1
0.419318320,0
0.419320400,1
0.419321640,0
0.419323720,1
0.419324960,0
0.419327040,1
0.419328320,0
0.419330400,1
0.419331640,0
0.419333720,1
0.419334960,0
0.419337040,1
0.419338320,0
0.419340400,1
0.419341640,0
0.419343720,1
0.419344960,0
0.419347040,1
0.419348320,0
0.419350400,1
0.419351640,0
0.419353720,1
0.419354960,0
0.419357040,1
0.419358320,0
0.419360400,1
0.419361640,0
0.423292360,1
0.423293640,0
0.423295720,1
0.423296960,0
0.423299040,1
0.423300280,0
0.423302360,1
0.423303640,0
0.423305720,1
0.423306960,0
0.423309040,1
0.423310280,0
0.423312360,1
0.423313640,0
0.423315720,1
0.423316960,0
0.423319040,1
0.423320280,0
0.423322360,1
0.423323640,0
0.423325720,1
0.423326960,0
0.423329040,1
0.423330280,0
0.423332360,1
0.423333640,0
0.423335720,1
0.423336960,0
0.423339040,1
0.423340280,0
0.423342360,1
0.423343640,0
0.427231840,1
0.427233120,0
0.427235200,1
0.427236440,0
0.427238520,1
0.427239760,0
0.427241840,1
0.427243120,0
0.427245200,1
0.427246440,0
0.427248520,1
0.427249760,0
0.427251840,1
0.427253120,0
0.427255200,1
0.427256440,0
0.427258520,1
0.427259760,0
0.427261840,1
0.427263120,0
0.427265200,1
0.427266440,0
0.427268520,1
0.427269760,0
0.427271840,1
0.427273120,0
0.427275160,1
0.427276440,0
0.427278520,1
0.427279760,0
0.427281840,1
0.427283120,0
0.431154400,1
0.431155640,0
0.431157720,1
0.431159000,0
0.431161040,1
0.431162320,0
0.431164400,1
0.431165640,0
0.431167720,1
0.431169000,0
0.431171040,1
0.431172320,0
0.431174400,1
0.431175640,0
0.431177720,1
0.431179000,0
0.431181040,1
0.431182320,0
0.431184400,1
0.431185640,0
0.431187720,1
0.431189000,0
0.431191040,1
0.431192320,0
0.431194400,1
0.431195640,0
0.431197720,1
0.431199000,0
0.431201040,1
0.431202320,0
0.431204400,1
0.431205640,0
0.435311240,1
0.435312480,0
0.435314560,1
0.435315840,0
0.435317880,1
0.435319160,0
0.435321240,1
0.435322480,0
0.435324560,1
0.435325800,0
0.435327880,1
0.435329160,0
0.435331240,1
0.435332480,0
0.435334560,1
0.435335800,0
0.435337880,1
0.435339160,0
0.435341240,1
0.435342480,0
0.435344560,1
0.435345800,0
0.435347880,1
0.435349160,0
0.435351240,1
0.435352480,0
0.435354560,1
0.435355800,0
0.435357880,1
0.435359160,0
0.435361240,1
0.435362480,0
0.439983200,1
0.439984480,0
0.439986560,1
0.439987800,0
0.439989880,1
0.439991120,0
0.439993200,1
0.439994480,0
0.439996560,1
0.439997800,0
0.439999880,1
0.440001120,0
0.440003200,1
0.440004480,0
0.440006560,1
0.440007800,0
0.440009880,1
0.440011120,0
0.440013200,1
0.440014480,0
0.440016560,1
0.440017800,0
0.440019880,1
0.440021120,0
0.440023200,1
0.440024480,0
0.440026560,1
0.440027800,0
0.440029880,1
0.440031120,0
0.440033200,1
0.440034480,0
0.443231160,1
0.443232400,0
0.443234480,1
0.443235720,0
0.443237800,1
0.443239080,0
0.443241160,1
0.443242400,0
0.443244480,1
0.443245720,0
0.443247800,1
0.443249080,0
0.443251160,1
0.443252400,0
0.443254480,1
0.443255720,0
0.443257800,1
0.443259080,0
0.443261160,1
0.443262400,0
0.443264480,1
0.443265720,0
0.443267800,1
0.443269080,0
0.443271160,1
0.443272400,0
0.443274480,1
0.443275720,0
0.443277800,1
0.443279080,0
0.443281160,1
0.443282400,0
0.447290960,1
0.447292240,0
0.447294320,1
0.447295560,0
0.447297640,1
0.447298880,0
0.447300960,1
0.447302240,0
0.447304320,1
0.447305560,0
0.447307640,1
0.447308880,0
0.447310960,1
0.447312240,0
0.447314320,1
0.447315560,0
0.447317640,1
0.447318880,0
0.447320960,1
0.447322240,0
0.447324320,1
0.447325560,0
0.447327640,1
0.447328880,0
0.447330960,1
0.447332240,0
0.447334320,1
0.447335560,0
0.447337640,1
0.447338880,0
0.447340960,1
0.447342240,0
0.451178560,1
0.451179800,0
0.451181880,1
0.451183120,0
0.451185200,1
0.451186480,0
0.451188560,1
0.451189800,0
0.451191880,1
0.451193120,0
0.451195200,1
0.451196480,0
0.451198560,1
0.451199800,0
0.451201880,1
0.451203120,0
0.451205200,1
0.451206480,0
0.451208560,1
0.451209800,0
0.451211880,1
0.451213120,0
0.451215200,1
0.451216480,0
0.451218560,1
0.451219800,0
0.451221880,1
0.451223120,0
0.451225200,1
0.451226480,0
0.451228560,1
0.451229800,0
0.455290280,1
0.455291560,0
0.455293640,1
0.455294880,0
0.455296960,1
0.455298200,0
0.455300280,1
0.455301560,0
0.455303640,1
0.455304880,0
0.455306960,1
0.455308200,0
0.455310280,1
0.455311560,0
0.455313640,1
0.455314880,0
0.455316960,1
0.455318200,0
0.455320280,1
0.455321560,0
0.455323640,1
0.455324880,0
0.455326960,1
0.455328200,0
0.455330280,1
0.455331560,0
0.455333640,1
0.455334880,0
0.455336960,1
0.455338200,0
0.455340280,1
0.455341560,0
0.459231920,1
0.459233160,0
0.459235240,1
0.459236480,0
0.459238560,1
0.459239840,0
0.459241920,1
0.459243160,0
0.459245240,1
0.459246480,0
0.459248560,1
0.459249840,0
0.459251920,1
0.459253160,0
0.459255240,1
0.459256480,0
0.459258560,1
0.459259840,0
0.459261920,1
0.459263160,0
0.459265240,1
0.459266480,0
0.459268560,1
0.459269840,0
0.459271920,1
0.459273160,0
0.459275240,1
0.459276480,0
0.459278560,1
0.459279840,0
0.459281920,1
0.459283160,0
0.463292640,1
0.463293920,0
0.463296000,1
0.463297240,0
0.463299320,1
0.463300560,0
0.463302640,1
0.463303920,0
0.463306000,1
0.463307240,0
0.463309320,1
0.463310560,0
0.463312640,1
0.463313920,0
0.463316000,1
0.463317240,0
0.463319320,1
0.463320560,0
0.463322640,1
0.463323920,0
0.463326000,1
0.463327240,0
0.463329320,1
0.463330560,0
0.463332640,1
0.463333920,0
0.463336000,1
0.463337240,0
0.463339320,1
0.463340560,0
0.463342640,1
0.463343920,0
0.467310720,1
0.467311960,0
0.467314040,1
0.467315320,0
0.467317400,1
0.467318640,0
0.467320720,1
0.467321960,0
0.467324040,1
0.467325320,0
0.467327400,1
0.467328640,0
0.467330720,1
0.467331960,0
0.467334040,1
0.467335320,0
0.467337400,1
0.467338640,0
0.467340720,1
0.467341960,0
0.467344040,1
0.467345320,0
0.467347400,1
0.467348640,0
0.467350720,1
0.467351960,0
0.467354040,1
0.467355320,0
0.467357400,1
0.467358640,0
0.467360720,1
0.467361960,0
0.471155040,1
0.471156320,0
0.471158400,1
0.471159640,0
0.471161720,1
0.471162960,0
0.471165040,1
0.471166320,0
0.471168400,1
0.471169640,0
0.471171720,1
0.471172960,0
0.471175040,1
0.471176320,0
0.471178400,1
0.471179640,0
0.471181720,1
0.471182960,0
0.471185040,1
0.471186320,0
0.471188400,1
0.471189640,0
0.471191720,1
0.471192960,0
0.471195040,1
0.471196320,0
0.471198400,1
0.471199640,0
0.471201720,1
0.471202960,0
0.471205040,1
0.471206320,0
0.475229760,1
0.475231000,0
0.475233080,1
0.475234360,0
0.475236440,1
0.475237680,0
0.475239760,1
0.475241000,0
0.475243080,1
0.475244360,0
0.475246440,1
0.475247680,0
0.475249760,1
0.475251000,0
0.475253080,1
0.475254360,0
0.475256440,1
0.475257680,0
0.475259760,1
0.475261000,0
0.475263080,1
0.475264360,0
0.475266440,1
0.475267680,0
0.475269760,1
0.475271000,0
0.475273080,1
0.475274360,0
0.475276440,1
0.475277680,0
0.475279760,1
0.475281000,0
0.479980960,1
0.479982200,0
0.479984280,1
0.479985560,0
0.479987640,1
0.479988880,0
0.479990960,1
0.479992200,0
0.479994280,1
0.479995560,0
0.479997640,1
0.479998880,0
0.480000960,1
0.480002200,0
0.480004280,1
0.480005560,0
0.480007640,1
0.480008880,0
0.480010960,1
0.480012200,0
0.480014280,1
0.480015560,0
0.480017640,1
0.480018880,0
0.480020960,1
0.480022200,0
0.480024280,1
0.480025560,0
0.480027640,1
0.480028880,0
0.480030960,1
0.480032200,0
0.483309520,1
0.483310760,0
0.483312840,1
0.483314080,0
0.483316160,1
0.483317440,0
0.483319520,1
0.483320760,0
0.483322840,1
0.483324080,0
0.483326160,1
0.483327440,0
0.483329520,1
0.483330760,0
0.483332840,1
0.483334080,0
0.483336160,1
0.483337440,0
0.483339520,1
0.483340760,0
0.483342840,1
0.483344080,0
0.483346160,1
0.483347440,0
0.483349520,1
0.483350760,0
0.483352840,1
0.483354080,0
0.483356160,1
0.483357440,0
0.483359520,1
0.483360760,0
0.487291480,1
0.487292720,0
0.487294800,1
0.487296080,0
0.487298160,1
0.487299400,0
0.487301480,1
0.487302720,0
0.487304800,1
0.487306080,0
0.487308160,1
0.487309400,0
0.487311480,1
0.487312720,0
0.487314800,1
0.487316080,0
0.487318160,1
0.487319400,0
0.487321480,1
0.487322720,0
0.487324800,1
0.487326080,0
0.487328120,1
0.487329400,0
0.487331480,1
0.487332720,0
0.487334800,1
0.487336080,0
0.487338120,1
0.487339400,0
0.487341480,1
0.487342720,0
0.491091440,1
0.491092720,0
0.491094800,1
0.491096040,0
0.491098120,1
0.491099360,0
0.491101440,1
0.491102720,0
0.491104800,1
0.491106040,0
0.491108120,1
0.491109360,0
0.491111440,1
0.491112720,0
0.491114800,1
0.491116040,0
0.491118120,1
0.491119360,0
0.491121440,1
0.491122720,0
0.491124800,1
0.491126040,0
0.491128120,1
0.491129360,0
0.491131440,1
0.491132720,0
0.491134800,1
0.491136040,0
0.491138120,1
0.491139360,0
0.491141440,1
0.491142720,0
0.495289440,1
0.495290680,0
0.495292760,1
0.495294040,0
0.495296120,1
0.495297360,0
0.495299440,1
0.495300680,0
0.495302760,1
0.495304040,0
0.495306120,1
0.495307360,0
0.495309440,1
0.495310680,0
0.495312760,1
0.495314040,0
0.495316120,1
0.495317360,0
0.495319440,1
0.495320680,0
0.495322760,1
0.495324040,0
0.495326120,1
0.495327360,0
0.495329440,1
0.495330680,0
0.495332760,1
0.495334040,0
0.495336120,1
0.495337360,0
0.495339440,1
0.495340680,0
0.499309760,1
0.499311040,0
0.499313120,1
0.499314360,0
0.499316440,1
0.499317680,0
0.499319760,1
0.499321040,0
0.499323120,1
0.499324360,0
0.499326440,1
0.499327680,0
0.499329760,1
0.499331040,0
0.499333120,1
0.499334360,0
0.499336440,1
0.499337680,0
0.499339760,1
0.499341040,0
0.499343120,1
0.499344360,0
0.499346440,1
0.499347680,0
0.499349760,1
0.499351040,0
0.499353120,1
0.499354360,0
0.499356440,1
0.499357680,0
0.499359760,1
0.499361040,0
0.503290920,1
0.503292160,0
0.503294240,1
0.503295520,0
0.503297560,1
0.503298840,0
0.503300920,1
0.503302160,0
0.503304240,1
0.503305520,0
0.503307560,1
0.503308840,0
0.503310920,1
0.503312160,0
0.503314240,1
0.503315520,0
0.503317560,1
0.503318840,0
0.503320920,1
0.503322160,0
0.503324240,1
0.503325520,0
0.503327560,1
0.503328840,0
0.503330920,1
0.503332160,0
0.503334240,1
0.503335520,0
0.503337560,1
0.503338840,0
0.503340920,1
0.503342160,0
0.507227360,1
0.507228640,0
0.507230680,1
0.507231960,0
0.507234040,1
0.507235280,0
0.507237360,1
0.507238640,0
0.507240680,1
0.507241960,0
0.507244040,1
0.507245280,0
0.507247360,1
0.507248640,0
0.507250680,1
0.507251960,0
0.507254040,1
0.507255280,0
0.507257360,1
0.507258640,0
0.507260680,1
0.507261960,0
0.507264040,1
0.507265280,0
0.507267360,1
0.507268640,0
0.507270680,1
0.507271960,0
0.507274040,1
0.507275280,0
0.507277360,1
0.507278640,0
0.511155120,1
0.511156400,0
0.511158480,1
0.511159720,0
0.511161800,1
0.511163040,0
0.511165120,1
0.511166400,0
0.511168480,1
0.511169720,0
0.511171800,1
0.511173040,0
0.511175120,1
0.511176400,0
0.511178480,1
0.511179720,0
0.511181800,1
0.511183040,0
0.511185120,1
0.511186400,0
0.511188480,1
0.511189720,0
0.511191800,1
0.511193040,0
0.511195120,1
0.511196400,0
0.511198480,1
0.511199720,0
0.511201800,1
0.511203040,0
0.511205120,1
0.511206400,0
0.515307240,1
0.515308480,0
0.515310560,1
0.515311840,0
0.515313920,1
0.515315160,0
0.515317240,1
0.515318480,0
0.515320560,1
0.515321840,0
0.515323920,1
0.515325160,0
0.515327240,1
0.515328480,0
0.515330560,1
0.515331840,0
0.515333920,1
0.515335160,0
0.515337240,1
0.515338480,0
0.515340560,1
0.515341840,0
0.515343920,1
0.515345160,0
0.515347240,1
0.515348480,0
0.515350560,1
0.515351840,0
0.515353920,1
0.515355160,0
0.515357240,1
0.515358480,0
0.519978960,1
0.519980240,0
0.519982320,1
0.519983560,0
0.519985640,1
0.519986880,0
0.519988960,1
0.519990240,0
0.519992320,1
0.519993560,0
0.519995640,1
0.519996880,0
0.519998960,1
0.520000240,0
0.520002320,1
0.520003560,0
0.520005640,1
0.520006880,0
0.520008960,1
0.520010240,0
0.520012320,1
0.520013560,0
0.520015640,1
0.520016880,0
0.520018960,1
0.520020240,0
0.520022320,1
0.520023560,0
0.520025640,1
0.520026880,0
0.520028960,1
0.520030240,0
0.523227560,1
0.523228800,0
0.523230880,1
0.523232160,0
0.523234240,1
0.523235480,0
0.523237560,1
0.523238800,0
0.523240880,1
0.523242160,0
0.523244240,1
0.523245480,0
0.523247560,1
0.523248800,0
0.523250880,1
0.523252160,0
0.523254240,1
0.523255480,0
0.523257560,1
0.523258800,0
0.523260880,1
0.523262160,0
0.523264240,1
0.523265480,0
0.523267560,1
0.523268800,0
0.523270880,1
0.523272160,0
0.523274240,1
0.523275480,0
0.523277560,1
0.523278800,0
0.527287720,1
0.527288960,0
0.527291040,1
0.527292280,0
0.527294360,1
0.527295640,0
0.527297720,1
0.527298960,0
0.527301040,1
0.527302280,0
0.527304360,1
0.527305640,0
0.527307720,1
0.527308960,0
0.527311040,1
0.527312280,0
0.527314360,1
0.527315640,0
0.527317720,1
0.527318960,0
0.527321040,1
0.527322280,0
0.527324360,1
0.527325640,0
0.527327720,1
0.527328960,0
0.527331040,1
0.527332280,0
0.527334360,1
0.527335640,0
0.527337720,1
0.527338960,0
0.531174320,1
0.531175600,0
0.531177640,1
0.531178920,0
0.531181000,1
0.531182240,0
0.531184320,1
0.531185600,0
0.531187640,1
0.531188920,0
0.531191000,1
0.531192240,0
0.531194320,1
0.531195600,0
0.531197640,1
0.531198920,0
0.531201000,1
0.531202240,0
0.531204320,1
0.531205600,0
0.531207640,1
0.531208920,0
0.531211000,1
0.531212240,0
0.531214320,1
0.531215600,0
0.531217640,1
0.531218920,0
0.531221000,1
0.531222240,0
0.531224320,1
0.531225600,0
0.535289520,1
0.535290760,0
0.535292840,1
0.535294080,0
0.535296160,1
0.535297440,0
0.535299520,1
0.535300760,0
0.535302840,1
0.535304080,0
0.535306160,1
0.535307440,0
0.535309520,1
0.535310760,0
0.535312840,1
0.535314080,0
0.535316160,1
0.535317440,0
0.535319520,1
0.535320760,0
0.535322840,1
0.535324080,0
0.535326160,1
0.535327440,0
0.535329520,1
0.535330760,0
0.535332840,1
0.535334080,0
0.535336160,1
0.535337440,0
0.535339520,1
0.535340760,0
0.539225400,1
0.539226680,0
0.539228760,1
0.539230000,0
0.539232080,1
0.539233320,0
0.539235400,1
0.539236680,0
0.539238760,1
0.539240000,0
0.539242080,1
0.539243320,0
0.539245400,1
0.539246680,0
0.539248760,1
0.539250000,0
0.539252080,1
0.539253320,0
0.539255400,1
0.539256680,0
0.539258760,1
0.539260000,0
0.539262080,1
0.539263320,0
0.539265400,1
0.539266680,0
0.539268760,1
0.539270000,0
0.539272080,1
0.539273320,0
0.539275400,1
0.539276680,0
0.543288120,1
0.543289360,0
0.543291440,1
0.543292680,0
0.543294760,1
0.543296040,0
0.543298120,1
0.543299360,0
0.543301440,1
0.543302680,0
0.543304760,1
0.543306040,0
0.543308120,1
0.543309360,0
0.543311440,1
0.543312680,0
0.543314760,1
0.543316040,0
0.543318120,1
0.543319360,0
0.543321440,1
0.543322680,0
0.543324760,1
0.543326040,0
0.543328120,1
0.543329360,0
0.543331440,1
0.543332680,0
0.543334760,1
0.543336040,0
0.543338120,1
0.543339360,0
0.547310560,1
0.547311840,0
0.547313920,1
0.547315160,0
0.547317240,1
0.547318480,0
0.547320560,1
0.547321840,0
0.547323920,1
0.547325160,0
0.547327240,1
0.547328480,0
0.547330560,1
0.547331840,0
0.547333920,1
0.547335160,0
0.547337240,1
0.547338480,0
0.547340560,1
0.547341840,0
0.547343920,1
0.547345160,0
0.547347240,1
0.547348480,0
0.547350560,1
0.547351840,0
0.547353920,1
0.547355160,0
0.547357240,1
0.547358480,0
0.547360560,1
0.547361840,0
0.551152400,1
0.551153640,0
0.551155720,1
0.551156960,0
0.551159040,1
0.551160320,0
0.551162400,1
0.551163640,0
0.551165720,1
0.551166960,0
0.551169040,1
0.551170320,0
0.551172400,1
0.551173640,0
0.551175720,1
0.551176960,0
0.551179040,1
0.551180320,0
0.551182400,1
0.551183640,0
0.551185720,1
0.551186960,0
0.551189040,1
0.551190320,0
0.551192400,1
0.551193640,0
0.551195720,1
0.551196960,0
0.551199040,1
0.551200320,0
0.551202400,1
0.551203640,0
0.555226000,1
0.555227280,0
0.555229360,1
0.555230600,0
0.555232680,1
0.555233920,0
0.555236000,1
0.555237280,0
0.555239360,1
0.555240600,0
0.555242680,1
0.555243920,0
0.555246000,1
0.555247280,0
0.555249360,1
0.555250600,0
0.555252680,1
0.555253920,0
0.555256000,1
0.555257280,0
0.555259360,1
0.555260600,0
0.555262680,1
0.555263920,0
0.555266000,1
0.555267280,0
0.555269360,1
0.555270600,0
0.555272680,1
0.555273920,0
0.555276000,1
0.555277280,0
0.559982080,1
0.559983360,0
0.559985440,1
0.559986680,0
0.559988760,1
0.559990000,0
0.559992080,1
0.559993360,0
0.559995440,1
0.559996680,0
0.559998760,1
0.560000000,0
0.560002080,1
0.560003360,0
0.560005440,1
0.560006680,0
0.560008760,1
0.560010000,0
0.560012080,1
0.560013360,0
0.560015440,1
0.560016680,0
0.560018760,1
0.560020000,0
0.560022080,1
0.560023360,0
0.560025440,1
0.560026680,0
0.560028760,1
0.560030000,0
0.560032080,1
0.560033360,0
0.563308640,1
0.563309880,0
0.563311960,1
0.563313200,0
0.563315280,1
0.563316560,0
0.563318640,1
0.563319880,0
0.563321960,1
0.563323200,0
0.563325280,1
0.563326560,0
0.563328640,1
0.563329880,0
0.563331960,1
0.563333200,0
0.563335280,1
0.563336560,0
0.563338640,1
0.563339880,0
0.563341960,1
0.563343200,0
0.563345280,1
0.563346560,0
0.563348640,1
0.563349880,0
0.563351960,1
0.563353200,0
0.563355280,1
0.563356560,0
0.563358640,1
0.563359880,0
0.567287720,1
0.567288960,0
0.567291040,1
0.567292320,0
0.567294400,1
0.567295640,0
0.567297720,1
0.567298960,0
0.567301040,1
0.567302320,0
0.567304400,1
0.567305640,0
0.567307720,1
0.567308960,0
0.567311040,1
0.567312320,0
0.567314400,1
0.567315640,0
0.567317720,1
0.567318960,0
0.567321040,1
0.567322320,0
0.567324400,1
0.567325640,0
0.567327720,1
0.567328960,0
0.567331040,1
0.567332320,0
0.567334400,1
0.567335640,0
0.567337720,1
0.567338960,0
0.571090800,1
0.571092040,0
0.571094120,1
0.571095400,0
0.571097480,1
0.571098720,0
0.571100800,1
0.571102040,0
0.571104120,1
0.571105400,0
0.571107480,1
0.571108720,0
0.571110800,1
0.571112040,0
0.571114120,1
0.571115400,0
0.571117480,1
0.571118720,0
0.571120800,1
0.571122040,0
0.571124120,1
0.571125400,0
0.571127480,1
0.571128720,0
0.571130800,1
0.571132040,0
0.571134120,1
0.571135400,0
0.571137480,1
0.571138720,0
0.571140800,1
0.571142040,0
0.575285880,1
0.575287120,0
0.575289200,1
0.575290480,0
0.575292560,1
0.575293800,0
0.575295880,1
0.575297120,0
0.575299200,1
0.575300480,0
0.575302560,1
0.575303800,0
0.575305880,1
0.575307120,0
0.575309200,1
0.575310480,0
0.575312560,1
0.575313800,0
0.575315880,1
0.575317120,0
0.575319200,1
0.575320480,0
0.575322560,1
0.575323800,0
0.575325880,1
0.575327120,0
0.575329200,1
0.575330480,0
0.575332560,1
0.575333800,0
0.575335880,1
0.575337120,0
0.579306000,1
0.579307240,0
0.579309320,1
0.579310560,0
0.579312640,1
0.579313920,0
0.579316000,1
0.579317240,0
0.579319320,1
0.579320560,0
0.579322640,1
0.579323920,0
0.579326000,1
0.579327240,0
0.579329320,1
0.579330560,0
0.579332640,1
0.579333920,0
0.579336000,1
0.579337240,0
0.579339320,1
0.579340560,0
0.579342640,1
0.579343920,0
0.579346000,1
0.579347240,0
0.579349320,1
0.579350560,0
0.579352640,1
0.579353920,0
0.579356000,1
0.579357240,0
0.583287320,1
0.583288560,0
0.583290640,1
0.583291880,0
0.583293960,1
0.583295240,0
0.583297320,1
0.583298560,0
0.583300640,1
0.583301880,0
0.583303960,1
0.583305240,0
0.583307320,1
0.583308560,0
0.583310640,1
0.583311880,0
0.583313960,1
0.583315240,0
0.583317320,1
0.583318560,0
0.583320640,1
0.583321880,0
0.583323960,1
0.583325240,0
0.583327320,1
0.583328560,0
0.583330640,1
0.583331880,0
0.583333960,1
0.583335240,0
0.583337320,1
0.583338560,0
0.587224520,1
0.587225800,0
0.587227880,1
0.587229120,0
0.587231200,1
0.587232440,0
0.587234520,1
0.587235800,0
0.587237880,1
0.587239120,0
0.587241200,1
0.587242440,0
0.587244520,1
0.587245800,0
0.587247880,1
0.587249120,0
0.587251200,1
0.587252440,0
0.587254520,1
0.587255800,0
0.587257880,1
0.587259120,0
0.587261200,1
0.587262440,0
0.587264520,1
0.587265800,0
0.587267880,1
0.587269120,0
0.587271200,1
0.587272440,0
0.587274520,1
0.587275800,0
0.591150400,1
0.591151680,0
0.591153760,1
0.591155000,0
0.591157080,1
0.591158320,0
0.591160400,1
0.591161680,0
0.591163760,1
0.591165000,0
0.591167080,1
0.591168320,0
0.591170400,1
0.591171680,0
0.591173760,1
0.591175000,0
0.591177080,1
0.591178320,0
0.591180400,1
0.591181680,0
0.591183760,1
0.591185000,0
0.591187080,1
0.591188320,0
0.591190400,1
0.591191680,0
0.591193760,1
0.591195000,0
0.591197080,1
0.591198320,0
0.591200400,1
0.591201680,0
0.595311480,1
0.595312720,0
0.595314800,1
0.595316080,0
0.595318160,1
0.595319400,0
0.595321480,1
0.595322720,0
0.595324800,1
0.595326080,0
0.595328160,1
0.595329400,0
0.595331480,1
0.595332720,0
0.595334800,1
0.595336080,0
0.595338160,1
0.595339400,0
0.595341480,1
0.595342720,0
0.595344800,1
0.595346080,0
0.595348160,1
0.595349400,0
0.595351480,1
0.595352720,0
0.595354800,1
0.595356080,0
0.595358160,1
0.595359400,0
0.595361480,1
0.595362720,0
0.599285360,1
0.599286600,0
0.599288680,1
0.599289960,0
0.599292040,1
0.599293280,0
0.599295360,1
0.599296600,0
0.599298680,1
0.599299960,0
0.599302000,1
0.599303280,0
0.599305360,1
0.599306600,0
0.599308680,1
0.599309960,0
0.599312000,1
0.599313280,0
0.599315360,1
0.599316600,0
0.599318680,1
0.599319960,0
0.599322000,1
0.599323280,0
0.599325360,1
0.599326600,0
0.599328680,1
0.599329960,0
0.599332000,1
0.599333280,0
0.599335360,1
0.599336600,0
0.603914320,1
0.603915600,0
0.603917640,1
0.603918920,0
0.603921000,1
0.603922240,0
0.603924320,1
0.603925600,0
0.603927640,1
0.603928920,0
0.603931000,1
0.603932240,0
0.603934320,1
0.603935600,0
0.603937640,1
0.603938920,0
0.603941000,1
0.603942240,0
0.603944320,1
0.603945600,0
0.603947640,1
0.603948920,0
0.603951000,1
0.603952240,0
0.603954320,1
0.603955600,0
0.603957640,1
0.603958920,0
0.603961000,1
0.603962240,0
0.603964320,1
0.603965600,0
0.607287240,1
0.607288480,0
0.607290560,1
0.607291800,0
0.607293880,1
0.607295160,0
0.607297240,1
0.607298480,0
0.607300560,1
0.607301800,0
0.607303880,1
0.607305160,0
0.607307240,1
0.607308480,0
0.607310560,1
0.607311800,0
0.607313880,1
0.607315160,0
0.607317240,1
0.607318480,0
0.607320560,1
0.607321800,0
0.607323880,1
0.607325160,0
0.607327240,1
0.607328480,0
0.607330560,1
0.607331800,0
0.607333880,1
0.607335160,0
0.607337240,1
0.607338480,0
0.611167800,1
0.611169040,0
0.611171120,1
0.611172400,0
0.611174480,1
0.611175720,0
0.611177800,1
0.611179040,0
0.611181120,1
0.611182400,0
0.611184480,1
0.611185720,0
0.611187800,1
0.611189040,0
0.611191120,1
0.611192400,0
0.611194480,1
0.611195720,0
0.611197800,1
0.611199040,0
0.611201120,1
0.611202400,0
0.611204480,1
0.611205720,0
0.611207800,1
0.611209040,0
0.611211120,1
0.611212400,0
0.611214480,1
0.611215720,0
0.611217800,1
0.611219040,0
0.615285760,1
0.615287000,0
0.615289080,1
0.615290320,0
0.615292400,1
0.615293680,0
0.615295760,1
0.615297000,0
0.615299080,1
0.615300320,0
0.615302400,1
0.615303680,0
0.615305760,1
0.615307000,0
0.615309080,1
0.615310320,0
0.615312400,1
0.615313680,0
0.615315760,1
0.615317000,0
0.615319080,1
0.615320320,0
0.615322400,1
0.615323680,0
0.615325760,1
0.615327000,0
0.615329080,1
0.615330320,0
0.615332400,1
0.615333680,0
0.615335760,1
0.615337000,0
0.619225160,1
0.619226440,0
0.619228520,1
0.619229760,0
0.619231840,1
0.619233080,0
0.619235160,1
0.619236440,0
0.619238520,1
0.619239760,0
0.619241840,1
0.619243080,0
0.619245160,1
0.619246440,0
0.619248520,1
0.619249760,0
0.619251840,1
0.619253080,0
0.619255160,1
0.619256440,0
0.619258520,1
0.619259760,0
0.619261840,1
0.619263080,0
0.619265160,1
0.619266440,0
0.619268520,1
0.619269760,0
0.619271840,1
0.619273080,0
0.619275160,1
0.619276440,0
0.623284560,1
0.623285800,0
0.623287880,1
0.623289160,0
0.623291240,1
0.623292480,0
0.623294560,1
0.623295800,0
0.623297880,1
0.623299160,0
0.623301240,1
0.623302480,0
0.623304560,1
0.623305800,0
0.623307880,1
0.623309160,0
0.623311240,1
0.623312480,0
0.623314560,1
0.623315800,0
0.623317880,1
0.623319160,0
0.623321240,1
0.623322480,0
0.623324560,1
0.623325800,0
0.623327880,1
0.623329160,0
0.623331240,1
0.623332480,0
0.623334560,1
0.623335800,0
0.627305000,1
0.627306240,0
0.627308320,1
0.627309600,0
0.627311680,1
0.627312920,0
0.627315000,1
0.627316240,0
0.627318320,1
0.627319600,0
0.627321680,1
0.627322920,0
0.627325000,1
0.627326240,0
0.627328320,1
0.627329600,0
0.627331680,1
0.627332920,0
0.627335000,1
0.627336240,0
0.627338320,1
0.627339600,0
0.627341680,1
0.627342920,0
0.627345000,1
0.627346240,0
0.627348320,1
0.627349600,0
0.627351680,1
0.627352920,0
0.627355000,1
0.627356240,0
0.631150080,1
0.631151320,0
0.631153400,1
0.631154640,0
0.631156720,1
0.631158000,0
0.631160080,1
0.631161320,0
0.631163400,1
0.631164640,0
0.631166720,1
0.631168000,0
0.631170080,1
0.631171320,0
0.631173400,1
0.631174640,0
0.631176720,1
0.631178000,0
0.631180080,1
0.631181320,0
0.631183400,1
0.631184640,0
0.631186720,1
0.631188000,0
0.631190080,1
0.631191320,0
0.631193400,1
0.631194640,0
0.631196720,1
0.631198000,0
0.631200080,1
0.631201320,0
0.635221680,1
0.635222960,0
0.635225040,1
0.635226280,0
0.635228360,1
0.635229600,0
0.635231680,1
0.635232960,0
0.635235040,1
0.635236280,0
0.635238360,1
0.635239600,0
0.635241680,1
0.635242960,0
0.635245040,1
0.635246280,0
0.635248360,1
0.635249600,0
0.635251680,1
0.635252960,0
0.635255040,1
0.635256280,0
0.635258360,1
0.635259600,0
0.635261680,1
0.635262960,0
0.635265040,1
0.635266280,0
0.635268360,1
0.635269600,0
0.635271680,1
0.635272960,0
0.639976560,1
0.639977800,0
0.639979880,1
0.639981120,0
0.639983200,1
0.639984480,0
0.639986560,1
0.639987800,0
0.639989880,1
0.639991120,0
0.639993200,1
0.639994480,0
0.639996560,1
0.639997800,0
0.639999880,1
0.640001120,0
0.640003200,1
0.640004480,0
0.640006560,1
0.640007800,0
0.640009880,1
0.640011120,0
0.640013200,1
0.640014480,0
0.640016560,1
0.640017800,0
0.640019880,1
0.640021120,0
0.640023200,1
0.640024480,0
0.640026560,1
0.640027800,0
0.643308000,1
0.643309280,0
0.643311360,1
0.643312600,0
0.643314680,1
0.643315920,0
0.643318000,1
0.643319280,0
0.643321360,1
0.643322600,0
0.643324680,1
0.643325920,0
0.643328000,1
0.643329280,0
0.643331360,1
0.643332600,0
0.643334680,1
0.643335920,0
0.643338000,1
0.643339280,0
0.643341360,1
0.643342600,0
0.643344680,1
0.643345920,0
0.643348000,1
0.643349280,0
0.643351360,1
0.643352600,0
0.643354680,1
0.643355920,0
0.643358000,1
0.643359280,0
0.647282920,1
0.647284160,0
0.647286240,1
0.647287520,0
0.647289560,1
0.647290840,0
0.647292920,1
0.647294160,0
0.647296240,1
0.647297520,0
0.647299560,1
0.647300840,0
0.647302920,1
0.647304160,0
0.647306240,1
0.647307480,0
0.647309560,1
0.647310840,0
0.647312920,1
0.647314160,0
0.647316240,1
0.647317480,0
0.647319560,1
0.647320840,0
0.647322920,1
0.647324160,0
0.647326240,1
0.647327480,0
0.647329560,1
0.647330840,0
0.647332920,1
0.647334160,0
0.651087480,1
0.651088760,0
0.651090840,1
0.651092080,0
0.651094160,1
0.651095400,0
0.651097480,1
0.651098760,0
0.651100840,1
0.651102080,0
0.651104160,1
0.651105400,0
0.651107480,1
0.651108760,0
0.651110840,1
0.651112080,0
0.651114160,1
0.651115400,0
0.651117480,1
0.651118760,0
0.651120840,1
0.651122080,0
0.651124160,1
0.651125400,0
0.651127480,1
0.651128760,0
0.651130840,1
0.651132080,0
0.651134160,1
0.651135400,0
0.651137480,1
0.651138760,0
0.655285280,1
0.655286520,0
0.655288600,1
0.655289880,0
0.655291960,1
0.655293200,0
0.655295280,1
0.655296520,0
0.655298600,1
0.655299880,0
0.655301960,1
0.655303200,0
0.655305280,1
0.655306520,0
0.655308600,1
0.655309880,0
0.655311960,1
0.655313200,0
0.655315280,1
0.655316520,0
0.655318600,1
0.655319880,0
0.655321960,1
0.655323200,0
0.655325280,1
0.655326520,0
0.655328600,1
0.655329880,0
0.655331960,1
0.655333200,0
0.655335280,1
0.655336520,0
0.659304080,1
0.659305320,0
0.659307400,1
0.659308680,0
0.659310720,1
0.659312000,0
0.659314080,1
0.659315320,0
0.659317400,1
0.659318680,0
0.659320720,1
0.659322000,0
0.659324080,1
0.659325320,0
0.659327400,1
0.659328680,0
0.659330720,1
0.659332000,0
0.659334080,1
0.659335320,0
0.659337400,1
0.659338680,0
0.659340720,1
0.659342000,0
0.659344080,1
0.659345320,0
0.659347400,1
0.659348680,0
0.659350720,1
0.659352000,0
0.659354080,1
0.659355320,0
0.663284400,1
0.663285680,0
0.663287760,1
0.663289000,0
0.663291080,1
0.663292320,0
0.663294400,1
0.663295680,0
0.663297760,1
0.663299000,0
0.663301080,1
0.663302320,0
0.663304400,1
0.663305680,0
0.663307760,1
0.663309000,0
0.663311080,1
0.663312320,0
0.663314400,1
0.663315680,0
0.663317760,1
0.663319000,0
0.663321080,1
0.663322320,0
0.663324400,1
0.663325680,0
0.663327760,1
0.663329000,0
0.663331080,1
0.663332320,0
0.663334400,1
0.663335680,0
0.667223440,1
0.667224720,0
0.667226800,1
0.667228040,0
0.667230120,1
0.667231360,0
0.667233440,1
0.667234720,0
0.667236800,1
0.667238040,0
0.667240120,1
0.667241360,0
0.667243440,1
0.667244720,0
0.667246800,1
0.667248040,0
0.667250120,1
0.667251360,0
0.667253440,1
0.667254720,0
0.667256800,1
0.667258040,0
0.667260120,1
0.667261360,0
0.667263440,1
0.667264720,0
0.667266800,1
0.667268040,0
0.667270120,1
0.667271360,0
0.667273440,1
0.667274720,0
0.671147160,1
0.671148440,0
0.671150520,1
0.671151760,0
0.671153840,1
0.671155080,0
0.671157160,1
0.671158440,0
0.671160520,1
0.671161760,0
0.671163840,1
0.671165080,0
0.671167160,1
0.671168440,0
0.671170520,1
0.671171760,0
0.671173840,1
0.671175080,0
0.671177160,1
0.671178440,0
0.671180520,1
0.671181760,0
0.671183840,1
0.671185080,0
0.671187160,1
0.671188440,0
0.671190520,1
0.671191760,0
0.671193840,1
0.671195080,0
0.671197160,1
0.671198440,0
0.675305080,1
0.675306320,0
0.675308400,1
0.675309640,0
0.675311720,1
0.675313000,0
0.675315080,1
0.675316320,0
0.675318400,1
0.675319640,0
0.675321720,1
0.675323000,0
0.675325080,1
0.675326320,0
0.675328400,1
0.675329640,0
0.675331720,1
0.675333000,0
0.675335080,1
0.675336320,0
0.675338400,1
0.675339640,0
0.675341720,1
0.675343000,0
0.675345080,1
0.675346320,0
0.675348400,1
0.675349640,0
0.675351720,1
0.675353000,0
0.675355080,1
0.675356320,0
0.679976000,1
0.679977240,0
0.679979320,1
0.679980560,0
0.679982640,1
0.679983920,0
0.679986000,1
0.679987240,0
0.679989320,1
0.679990560,0
0.679992640,1
0.679993920,0
0.679996000,1
0.679997240,0
0.679999320,1
0.680000560,0
0.680002640,1
0.680003920,0
0.680006000,1
0.680007240,0
0.680009320,1
0.680010560,0
0.680012640,1
0.680013920,0
0.680016000,1
0.680017240,0
0.680019320,1
0.680020560,0
0.680022640,1
0.680023920,0
0.680026000,1
0.680027240,0
0.683224080,1
0.683225360,0
0.683227440,1
0.683228680,0
0.683230760,1
0.683232000,0
0.683234080,1
0.683235360,0
0.683237440,1
0.683238680,0
0.683240760,1
0.683242000,0
0.683244080,1
0.683245360,0
0.683247440,1
0.683248680,0
0.683250760,1
0.683252000,0
0.683254080,1
0.683255360,0
0.683257440,1
0.683258680,0
0.683260760,1
0.683262000,0
0.683264080,1
0.683265360,0
0.683267440,1
0.683268680,0
0.683270760,1
0.683272000,0
0.683274080,1
0.683275360,0
0.687283360,1
0.687284640,0
0.687286680,1
0.687287960,0
0.687290040,1
0.687291280,0
0.687293360,1
0.687294640,0
0.687296680,1
0.687297960,0
0.687300040,1
0.687301280,0
0.687303360,1
0.687304640,0
0.687306680,1
0.687307960,0
0.687310040,1
0.687311280,0
0.687313360,1
0.687314640,0
0.687316680,1
0.687317960,0
0.687320040,1
0.687321280,0
0.687323360,1
0.687324640,0
0.687326680,1
0.687327960,0
0.687330040,1
0.687331280,0
0.687333360,1
0.687334640,0
0.691167800,1
0.691169080,0
0.691171160,1
0.691172400,0
0.691174480,1
0.691175720,0
0.691177800,1
0.691179080,0
0.691181160,1
0.691182400,0
0.691184480,1
0.691185720,0
0.691187800,1
0.691189080,0
0.691191160,1
0.691192400,0
0.691194480,1
0.691195720,0
0.691197800,1
0.691199080,0
0.691201160,1
0.691202400,0
0.691204480,1
0.691205720,0
0.691207800,1
0.691209080,0
0.691211160,1
0.691212400,0
0.691214480,1
0.691215720,0
0.691217800,1
0.691219080,0
0.695283480,1
0.695284720,0
0.695286800,1
0.695288040,0
0.695290120,1
0.695291400,0
0.695293480,1
0.695294720,0
0.695296800,1
0.695298040,0
0.695300120,1
0.695301400,0
0.695303480,1
0.695304720,0
0.695306800,1
0.695308040,0
0.695310120,1
0.695311400,0
0.695313440,1
0.695314720,0
0.695316800,1
0.695318040,0
0.695320120,1
0.695321400,0
0.695323440,1
0.695324720,0
0.695326800,1
0.695328040,0
0.695330120,1
0.695331400,0
0.695333440,1
0.695334720,0
0.699221240,1
0.699222520,0
0.699224600,1
0.699225840,0
0.699227920,1
0.699229160,0
0.699231240,1
0.699232520,0
0.699234600,1
0.699235840,0
0.699237920,1
0.699239160,0
0.699241240,1
0.699242520,0
0.699244600,1
0.699245840,0
0.699247920,1
0.699249160,0
0.699251240,1
0.699252520,0
0.699254600,1
0.699255840,0
0.699257920,1
0.699259160,0
0.699261240,1
0.699262520,0
0.699264560,1
0.699265840,0
0.699267920,1
0.699269160,0
0.699271240,1
0.699272520,0
0.703283400,1
0.703284640,0
0.703286720,1
0.703287960,0
0.703290040,1
0.703291320,0
0.703293400,1
0.703294640,0
0.703296720,1
0.703297960,0
0.703300040,1
0.703301320,0
0.703303400,1
0.703304640,0
0.703306720,1
0.703307960,0
0.703310040,1
0.703311320,0
0.703313400,1
0.703314640,0
0.703316720,1
0.703317960,0
0.703320040,1
0.703321320,0
0.703323400,1
0.703324640,0
0.703326720,1
0.703327960,0
0.703330040,1
0.703331320,0
0.703333400,1
0.703334640,0
0.707301080,1
0.707302320,0
0.707304400,1
0.707305640,0
0.707307720,1
0.707309000,0
0.707311080,1
0.707312320,0
0.707314400,1
0.707315640,0
0.707317720,1
0.707319000,0
0.707321080,1
0.707322320,0
0.707324400,1
0.707325640,0
0.707327720,1
0.707329000,0
0.707331080,1
0.707332320,0
0.707334400,1
0.707335640,0
0.707337720,1
0.707339000,0
0.707341080,1
0.707342320,0
0.707344400,1
0.707345640,0
0.707347720,1
0.707349000,0
0.707351080,1
0.707352320,0
0.711147880,1
0.711149120,0
0.711151200,1
0.711152440,0
0.711154520,1
0.711155800,0
0.711157880,1
0.711159120,0
0.711161200,1
0.711162440,0
0.711164520,1
0.711165800,0
0.711167880,1
0.711169120,0
0.711171200,1
0.711172440,0
0.711174520,1
0.711175800,0
0.711177880,1
0.711179120,0
0.711181200,1
0.711182440,0
0.711184520,1
0.711185800,0
0.711187880,1
0.711189120,0
0.711191200,1
0.711192440,0
0.711194520,1
0.711195800,0
0.711197880,1
0.711199120,0
0.715913440,1
0.715914680,0
0.715916760,1
0.715918000,0
0.715920080,1
0.715921360,0
0.715923440,1
0.715924680,0
0.715926760,1
0.715928000,0
0.715930080,1
0.715931360,0
0.715933440,1
0.715934680,0
0.715936760,1
0.715938000,0
0.715940080,1
0.715941360,0
0.715943440,1
0.715944680,0
0.715946760,1
0.715948000,0
0.715950080,1
0.715951360,0
0.715953440,1
0.715954680,0
0.715956760,1
0.715958000,0
0.715960080,1
0.715961360,0
0.715963440,1
0.715964680,0
0.719281600,1
0.719282840,0
0.719284920,1
0.719286160,0
0.719288240,1
0.719289520,0
0.719291600,1
0.719292840,0
0.719294920,1
0.719296160,0
0.719298240,1
0.719299520,0
0.719301600,1
0.719302840,0
0.719304920,1
0.719306160,0
0.719308240,1
0.719309520,0
0.719311600,1
0.719312840,0
0.719314920,1
0.719316160,0
0.719318240,1
0.719319520,0
0.719321600,1
0.719322840,0
0.719324920,1
0.719326160,0
0.719328240,1
0.719329520,0
0.719331600,1
0.719332840,0
0.723302120,1
0.723303360,0
0.723305440,1
0.723306720,0
0.723308800,1
0.723310040,0
0.723312120,1
0.723313360,0
0.723315440,1
0.723316720,0
0.723318800,1
0.723320040,0
0.723322120,1
0.723323360,0
0.723325440,1
0.723326720,0
0.723328800,1
0.723330040,0
0.723332120,1
0.723333360,0
0.723335440,1
0.723336720,0
0.723338800,1
0.723340040,0
0.723342120,1
0.723343360,0
0.723345440,1
0.723346720,0
0.723348800,1
0.723350040,0
0.723352120,1
0.723353360,0
0.727283280,1
0.727284520,0
0.727286600,1
0.727287880,0
0.727289960,1
0.727291200,0
0.727293280,1
0.727294520,0
0.727296600,1
0.727297880,0
0.727299960,1
0.727301200,0
0.727303280,1
0.727304520,0
0.727306600,1
0.727307880,0
0.727309960,1
0.727311200,0
0.727313280,1
0.727314520,0
0.727316600,1
0.727317880,0
0.727319960,1
0.727321200,0
0.727323280,1
0.727324520,0
0.727326600,1
0.727327880,0
0.727329960,1
0.727331200,0
0.727333280,1
0.727334520,0
0.731085760,1
0.731087000,0
0.731089080,1
0.731090320,0
0.731092400,1
0.731093680,0
0.731095760,1
0.731097000,0
0.731099080,1
0.731100320,0
0.731102400,1
0.731103680,0
0.731105760,1
0.731107000,0
0.731109080,1
0.731110320,0
0.731112400,1
0.731113680,0
0.731115760,1
0.731117000,0
0.731119080,1
0.731120320,0
0.731122400,1
0.731123680,0
0.731125760,1
0.731127000,0
0.731129080,1
0.731130320,0
0.731132400,1
0.731133680,0
0.731135760,1
0.731137000,0
0.735282000,1
0.735283240,0
0.735285320,1
0.735286600,0
0.735288640,1
0.735289920,0
0.735292000,1
0.735293240,0
0.735295320,1
0.735296560,0
0.735298640,1
0.735299920,0
0.735302000,1
0.735303240,0
0.735305320,1
0.735306560,0
0.735308640,1
0.735309920,0
0.735312000,1
0.735313240,0
0.735315320,1
0.735316560,0
0.735318640,1
0.735319920,0
0.735322000,1
0.735323240,0
0.735325320,1
0.735326560,0
0.735328640,1
0.735329920,0
0.735332000,1
0.735333240,0
0.739302440,1
0.739303680,0
0.739305760,1
0.739307040,0
0.739309120,1
0.739310360,0
0.739312440,1
0.739313680,0
0.739315760,1
0.739317040,0
0.739319080,1
0.739320360,0
0.739322440,1
0.739323680,0
0.739325760,1
0.739327040,0
0.739329080,1
0.739330360,0
0.739332440,1
0.739333680,0
0.739335760,1
0.739337040,0
0.739339080,1
0.739340360,0
0.739342440,1
0.739343680,0
0.739345760,1
0.739347040,0
0.739349080,1
0.739350360,0
0.739352440,1
0.739353680,0
0.743280120,1
0.743281360,0
0.743283440,1
0.743284720,0
0.743286800,1
0.743288040,0
0.743290120,1
0.743291360,0
0.743293440,1
0.743294720,0
0.743296800,1
0.743298040,0
0.743300120,1
0.743301360,0
0.743303440,1
0.743304720,0
0.743306800,1
0.743308040,0
0.743310120,1
0.743311360,0
0.743313440,1
0.743314720,0
0.743316800,1
0.743318040,0
0.743320120,1
0.743321360,0
0.743323440,1
0.743324720,0
0.743326800,1
0.743328040,0
0.743330120,1
0.743331360,0
0.747219720,1
0.747220960,0
0.747223040,1
0.747224320,0
0.747226400,1
0.747227640,0
0.747229720,1
0.747230960,0
0.747233040,1
0.747234320,0
0.747236400,1
0.747237640,0
0.747239720,1
0.747240960,0
0.747243040,1
0.747244320,0
0.747246400,1
0.747247640,0
0.747249720,1
0.747250960,0
0.747253040,1
0.747254320,0
0.747256400,1
0.747257640,0
0.747259720,1
0.747260960,0
0.747263040,1
0.747264320,0
0.747266400,1
0.747267640,0
0.747269720,1
0.747270960,0
0.751147040,1
0.751148280,0
0.751150360,1
0.751151640,0
0.751153720,1
0.751154960,0
0.751157040,1
0.751158280,0
0.751160360,1
0.751161640,0
0.751163720,1
0.751164960,0
0.751167040,1
0.751168280,0
0.751170360,1
0.751171640,0
0.751173720,1
0.751174960,0
0.751177040,1
0.751178280,0
0.751180360,1
0.751181640,0
0.751183680,1
0.751184960,0
0.751187040,1
0.751188280,0
0.751190360,1
0.751191640,0
0.751193680,1
0.751194960,0
0.751197040,1
0.751198280,0
0.755875240,1
0.755876480,0
0.755878560,1
0.755879800,0
0.755881880,1
0.755883160,0
0.755885240,1
0.755886480,0
0.755888560,1
0.755889800,0
0.755891880,1
0.755893160,0
0.755895240,1
0.755896480,0
0.755898560,1
0.755899800,0
0.755901880,1
0.755903160,0
0.755905240,1
0.755906480,0
0.755908560,1
0.755909800,0
0.755911880,1
0.755913160,0
0.755915240,1
0.755916480,0
0.755918560,1
0.755919800,0
0.755921880,1
0.755923160,0
0.755925240,1
0.755926480,0
0.759281800,1
0.759283080,0
0.759285160,1
0.759286400,0
0.759288480,1
0.759289720,0
0.759291800,1
0.759293080,0
0.759295160,1
0.759296400,0
0.759298480,1
0.759299720,0
0.759301800,1
0.759303080,0
0.759305160,1
0.759306400,0
0.759308480,1
0.759309720,0
0.759311800,1
0.759313080,0
0.759315160,1
0.759316400,0
0.759318480,1
0.759319720,0
0.759321800,1
0.759323080,0
0.759325160,1
0.759326400,0
0.759328480,1
0.759329720,0
0.759331800,1
0.759333080,0
0.763217480,1
0.763218720,0
0.763220800,1
0.763222040,0
0.763224120,1
0.763225400,0
0.763227480,1
0.763228720,0
0.763230800,1
0.763232040,0
0.763234120,1
0.763235400,0
0.763237480,1
0.763238720,0
0.763240800,1
0.763242040,0
0.763244120,1
0.763245400,0
0.763247480,1
0.763248720,0
0.763250800,1
0.763252040,0
0.763254120,1
0.763255400,0
0.763257480,1
0.763258720,0
0.763260800,1
0.763262040,0
0.763264120,1
0.763265400,0
0.763267480,1
0.763268720,0
0.767283240,1
0.767284480,0
0.767286560,1
0.767287840,0
0.767289920,1
0.767291160,0
0.767293240,1
0.767294480,0
0.767296560,1
0.767297840,0
0.767299920,1
0.767301160,0
0.767303240,1
0.767304480,0
0.767306560,1
0.767307840,0
0.767309920,1
0.767311160,0
0.767313240,1
0.767314480,0
0.767316560,1
0.767317840,0
0.767319920,1
0.767321160,0
0.767323240,1
0.767324480,0
0.767326560,1
0.767327840,0
0.767329920,1
0.767331160,0
0.767333240,1
0.767334480,0
0.771165000,1
0.771166240,0
0.771168320,1
0.771169600,0
0.771171680,1
0.771172920,0
0.771175000,1
0.771176240,0
0.771178320,1
0.771179600,0
0.771181680,1
0.771182920,0
0.771185000,1
0.771186240,0
0.771188320,1
0.771189600,0
0.771191680,1
0.771192920,0
0.771195000,1
0.771196240,0
0.771198320,1
0.771199600,0
0.771201680,1
0.771202920,0
0.771205000,1
0.771206240,0
0.771208320,1
0.771209600,0
0.771211680,1
0.771212920,0
0.771215000,1
0.771216240,0
0.775279080,1
0.775280320,0
0.775282400,1
0.775283680,0
0.775285720,1
0.775287000,0
0.775289080,1
0.775290320,0
0.775292400,1
0.775293680,0
0.775295720,1
0.775297000,0
0.775299080,1
0.775300320,0
0.775302400,1
0.775303640,0
0.775305720,1
0.775307000,0
0.775309080,1
0.775310320,0
0.775312400,1
0.775313640,0
0.775315720,1
0.775317000,0
0.775319080,1
0.775320320,0
0.775322400,1
0.775323640,0
0.775325720,1
0.775327000,0
0.775329080,1
0.775330320,0
0.779218800,1
0.779220040,0
0.779222120,1
0.779223400,0
0.779225480,1
0.779226720,0
0.779228800,1
0.779230040,0
0.779232120,1
0.779233400,0
0.779235480,1
0.779236720,0
0.779238800,1
0.779240040,0
0.779242120,1
0.779243400,0
0.779245480,1
0.779246720,0
0.779248800,1
0.779250040,0
0.779252120,1
0.779253400,0
0.779255480,1
0.779256720,0
0.779258800,1
0.779260040,0
0.779262120,1
0.779263400,0
0.779265480,1
0.779266720,0
0.779268800,1
0.779270040,0
0.783281280,1
0.783282560,0
0.783284640,1
0.783285880,0
0.783287960,1
0.783289200,0
0.783291280,1
0.783292560,0
0.783294640,1
0.783295880,0
0.783297960,1
0.783299200,0
0.783301280,1
0.783302560,0
0.783304640,1
0.783305880,0
0.783307960,1
0.783309200,0
0.783311280,1
0.783312560,0
0.783314640,1
0.783315880,0
0.783317960,1
0.783319200,0
0.783321280,1
0.783322560,0
0.783324640,1
0.783325880,0
0.783327960,1
0.783329200,0
0.783331280,1
0.783332560,0
0.787298240,1
0.787299480,0
0.787301560,1
0.787302800,0
0.787304880,1
0.787306160,0
0.787308240,1
0.787309480,0
0.787311560,1
0.787312800,0
0.787314880,1
0.787316160,0
0.787318240,1
0.787319480,0
0.787321560,1
0.787322800,0
0.787324880,1
0.787326160,0
0.787328240,1
0.787329480,0
0.787331560,1
0.787332800,0
0.787334880,1
0.787336160,0
0.787338240,1
0.787339480,0
0.787341560,1
0.787342800,0
0.787344880,1
0.787346160,0
0.787348240,1
0.787349480,0
0.791143520,1
0.791144760,0
0.791146840,1
0.791148120,0
0.791150200,1
0.791151440,0
0.791153520,1
0.791154760,0
0.791156840,1
0.791158120,0
0.791160200,1
0.791161440,0
0.791163520,1
0.791164760,0
0.791166840,1
0.791168120,0
0.791170200,1
0.791171440,0
0.791173520,1
0.791174760,0
0.791176840,1
0.791178120,0
0.791180200,1
0.791181440,0
0.791183520,1
0.791184760,0
0.791186840,1
0.791188120,0
0.791190160,1
0.791191440,0
0.791193520,1
0.791194760,0
0.795219400,1
0.795220680,0
0.795222720,1
0.795224000,0
0.795226080,1
0.795227320,0
0.795229400,1
0.795230680,0
0.795232720,1
0.795234000,0
0.795236080,1
0.795237320,0
0.795239400,1
0.795240680,0
0.795242720,1
0.795244000,0
0.795246080,1
0.795247320,0
0.795249400,1
0.795250640,0
0.795252720,1
0.795254000,0
0.795256080,1
0.795257320,0
0.795259400,1
0.795260640,0
0.795262720,1
0.795264000,0
0.795266080,1
0.795267320,0
0.795269400,1
0.795270640,0
0.799970400,1
0.799971640,0
0.799973720,1
0.799974960,0
0.799977040,1
0.799978320,0
0.799980400,1
0.799981640,0
0.799983720,1
0.799984960,0
0.799987040,1
0.799988320,0
0.799990400,1
0.799991640,0
0.799993720,1
0.799994960,0
0.799997040,1
0.799998320,0
0.800000400,1
0.800001640,0
0.800003720,1
0.800004960,0
0.800007040,1
0.800008320,0
0.800010400,1
0.800011640,0
0.800013720,1
0.800014960,0
0.800017040,1
0.800018320,0
0.800020400,1
0.800021640,0
0.803301560,1
0.803302800,0
0.803304880,1
0.803306160,0
0.803308240,1
0.803309480,0
0.803311560,1
0.803312800,0
0.803314880,1
0.803316160,0
0.803318240,1
0.803319480,0
0.803321560,1
0.803322800,0
0.803324880,1
0.803326160,0
0.803328240,1
0.803329480,0
0.803331560,1
0.803332800,0
0.803334880,1
0.803336160,0
0.803338240,1
0.803339480,0
0.803341560,1
0.803342800,0
0.803344880,1
0.803346160,0
0.803348240,1
0.803349480,0
0.803351560,1
0.803352800,0
0.807280760,1
0.807282040,0
0.807284120,1
0.807285360,0
0.807287440,1
0.807288680,0
0.807290760,1
0.807292040,0
0.807294120,1
0.807295360,0
0.807297440,1
0.807298680,0
0.807300760,1
0.807302040,0
0.807304120,1
0.807305360,0
0.807307440,1
0.807308680,0
0.807310760,1
0.807312040,0
0.807314120,1
0.807315360,0
0.807317440,1
0.807318680,0
0.807320760,1
0.807322040,0
0.807324120,1
0.807325360,0
0.807327440,1
0.807328680,0
0.807330760,1
0.807332040,0
0.811080320,1
0.811081560,0
0.811083640,1
0.811084920,0
0.811087000,1
0.811088240,0
0.811090320,1
0.811091560,0
0.811093640,1
0.811094920,0
0.811097000,1
0.811098240,0
0.811100320,1
0.811101560,0
0.811103640,1
0.811104920,0
0.811107000,1
0.811108240,0
0.811110320,1
0.811111560,0
0.811113640,1
0.811114920,0
0.811117000,1
0.811118240,0
0.811120320,1
0.811121560,0
0.811123640,1
0.811124920,0
0.811127000,1
0.811128240,0
0.811130320,1
0.811131560,0
0.815279760,1
0.815281000,0
0.815283080,1
0.815284360,0
0.815286400,1
0.815287680,0
0.815289760,1
0.815291000,0
0.815293080,1
0.815294360,0
0.815296400,1
0.815297680,0
0.815299760,1
0.815301000,0
0.815303080,1
0.815304320,0
0.815306400,1
0.815307680,0
0.815309760,1
0.815311000,0
0.815313080,1
0.815314320,0
0.815316400,1
0.815317680,0
0.815319760,1
0.815321000,0
0.815323080,1
0.815324320,0
0.815326400,1
0.815327680,0
0.815329760,1
0.815331000,0
0.819299960,1
0.819301240,0
0.819303320,1
0.819304560,0
0.819306640,1
0.819307880,0
0.819309960,1
0.819311240,0
0.819313320,1
0.819314560,0
0.819316640,1
0.819317880,0
0.819319960,1
0.819321240,0
0.819323320,1
0.819324560,0
0.819326640,1
0.819327880,0
0.819329960,1
0.819331240,0
0.819333320,1
0.819334560,0
0.819336640,1
0.819337880,0
0.819339960,1
0.819341240,0
0.819343320,1
0.819344560,0
0.819346640,1
0.819347880,0
0.819349960,1
0.819351240,0
0.823277960,1
0.823279200,0
0.823281280,1
0.823282520,0
0.823284600,1
0.823285880,0
0.823287960,1
0.823289200,0
0.823291280,1
0.823292520,0
0.823294600,1
0.823295880,0
0.823297960,1
0.823299200,0
0.823301280,1
0.823302520,0
0.823304600,1
0.823305880,0
0.823307960,1
0.823309200,0
0.823311280,1
0.823312520,0
0.823314600,1
0.823315880,0
0.823317960,1
0.823319200,0
0.823321280,1
0.823322520,0
0.823324600,1
0.823325880,0
0.823327960,1
0.823329200,0
0.827217440,1
0.827218720,0
0.827220800,1
0.827222040,0
0.827224120,1
0.827225360,0
0.827227440,1
0.827228720,0
0.827230800,1
0.827232040,0
0.827234120,1
0.827235360,0
0.827237440,1
0.827238720,0
0.827240800,1
0.827242040,0
0.827244120,1
0.827245360,0
0.827247440,1
0.827248720,0
0.827250800,1
0.827252040,0
0.827254120,1
0.827255360,0
0.827257440,1
0.827258720,0
0.827260800,1
0.827262040,0
0.827264120,1
0.827265360,0
0.827267440,1
0.827268720,0
0.831144920,1
0.831146200,0
0.831148280,1
0.831149520,0
0.831151600,1
0.831152840,0
0.831154920,1
0.831156200,0
0.831158280,1
0.831159520,0
0.831161600,1
0.831162840,0
0.831164920,1
0.831166200,0
0.831168280,1
0.831169520,0
0.831171600,1
0.831172840,0
0.831174920,1
0.831176200,0
0.831178280,1
0.831179520,0
0.831181600,1
0.831182840,0
0.831184920,1
0.831186200,0
0.831188280,1
0.831189520,0
0.831191600,1
0.831192840,0
0.831194920,1
0.831196200,0
0.835296120,1
0.835297360,0
0.835299440,1
0.835300720,0
0.835302800,1
0.835304040,0
0.835306120,1
0.835307360,0
0.835309440,1
0.835310720,0
0.835312800,1
0.835314040,0
0.835316120,1
0.835317360,0
0.835319440,1
0.835320720,0
0.835322800,1
0.835324040,0
0.835326120,1
0.835327360,0
0.835329440,1
0.835330720,0
0.835332800,1
0.835334040,0
0.835336120,1
0.835337360,0
0.835339440,1
0.835340720,0
0.835342800,1
0.835344040,0
0.835346120,1
0.835347360,0
0.839971360,1
0.839972640,0
0.839974720,1
0.839975960,0
0.839978040,1
0.839979320,0
0.839981360,1
0.839982640,0
0.839984720,1
0.839985960,0
0.839988040,1
0.839989320,0
0.839991360,1
0.839992640,0
0.839994720,1
0.839995960,0
0.839998040,1
0.839999320,0
0.840001360,1
0.840002640,0
0.840004720,1
0.840005960,0
0.840008040,1
0.840009280,0
0.840011360,1
0.840012640,0
0.840014720,1
0.840015960,0
0.840018040,1
0.840019280,0
0.840021360,1
0.840022640,0
0.843217880,1
0.843219160,0
0.843221240,1
0.843222480,0
0.843224560,1
0.843225800,0
0.843227880,1
0.843229160,0
0.843231240,1
0.843232480,0
0.843234560,1
0.843235800,0
0.843237880,1
0.843239160,0
0.843241240,1
0.843242480,0
0.843244560,1
0.843245800,0
0.843247880,1
0.843249160,0
0.843251240,1
0.843252480,0
0.843254560,1
0.843255800,0
0.843257880,1
0.843259160,0
0.843261200,1
0.843262480,0
0.843264560,1
0.843265800,0
0.843267880,1
0.843269160,0
0.847276520,1
0.847277800,0
0.847279880,1
0.847281120,0
0.847283200,1
0.847284440,0
0.847286520,1
0.847287800,0
0.847289880,1
0.847291120,0
0.847293200,1
0.847294440,0
0.847296520,1
0.847297800,0
0.847299880,1
0.847301120,0
0.847303200,1
0.847304440,0
0.847306520,1
0.847307800,0
0.847309880,1
0.847311120,0
0.847313200,1
0.847314440,0
0.847316520,1
0.847317800,0
0.847319880,1
0.847321120,0
0.847323200,1
0.847324440,0
0.847326520,1
0.847327800,0
0.851161400,1
0.851162640,0
0.851164720,1
0.851165960,0
0.851168040,1
0.851169320,0
0.851171400,1
0.851172640,0
0.851174720,1
0.851175960,0
0.851178040,1
0.851179320,0
0.851181400,1
0.851182640,0
0.851184720,1
0.851185960,0
0.851188040,1
0.851189320,0
0.851191400,1
0.851192640,0
0.851194720,1
0.851195960,0
0.851198040,1
0.851199320,0
0.851201400,1
0.851202640,0
0.851204720,1
0.851205960,0
0.851208040,1
0.851209320,0
0.851211400,1
0.851212640,0
0.855278800,1
0.855280040,0
0.855282120,1
0.855283360,0
0.855285440,1
0.855286720,0
0.855288800,1
0.855290040,0
0.855292120,1
0.855293360,0
0.855295440,1
0.855296720,0
0.855298800,1
0.855300040,0
0.855302120,1
0.855303360,0
0.855305440,1
0.855306720,0
0.855308800,1
0.855310040,0
0.855312120,1
0.855313360,0
0.855315440,1
0.855316720,0
0.855318800,1
0.855320040,0
0.855322120,1
0.855323360,0
0.855325440,1
0.855326720,0
0.855328800,1
0.855330040,0
0.859215640,1
0.859216880,0
0.859218960,1
0.859220240,0
0.859222320,1
0.859223560,0
0.859225640,1
0.859226880,0
0.859228960,1
0.859230240,0
0.859232320,1
0.859233560,0
0.859235640,1
0.859236880,0
0.859238960,1
0.859240240,0
0.859242320,1
0.859243560,0
0.859245640,1
0.859246880,0
0.859248960,1
0.859250240,0
0.859252320,1
0.859253560,0
0.859255640,1
0.859256880,0
0.859258960,1
0.859260240,0
0.859262320,1
0.859263560,0
0.859265640,1
0.859266880,0
0.863277720,1
0.863278960,0
0.863281040,1
0.863282320,0
0.863284400,1
0.863285640,0
0.863287720,1
0.863288960,0
0.863291040,1
0.863292320,0
0.863294400,1
0.863295640,0
0.863297720,1
0.863298960,0
0.863301040,1
0.863302320,0
0.863304400,1
0.863305640,0
0.863307720,1
0.863308960,0
0.863311040,1
0.863312320,0
0.863314400,1
0.863315640,0
0.863317720,1
0.863318960,0
0.863321040,1
0.863322320,0
0.863324400,1
0.863325640,0
0.863327720,1
0.863328960,0
0.867298000,1
0.867299240,0
0.867301320,1
0.867302560,0
0.867304640,1
0.867305920,0
0.867308000,1
0.867309240,0
0.867311320,1
0.867312560,0
0.867314640,1
0.867315920,0
0.867318000,1
0.867319240,0
0.867321320,1
0.867322560,0
0.867324640,1
0.867325920,0
0.867328000,1
0.867329240,0
0.867331320,1
0.867332560,0
0.867334640,1
0.867335920,0
0.867338000,1
0.867339240,0
0.867341320,1
0.867342560,0
0.867344640,1
0.867345920,0
0.867348000,1
0.867349240,0
0.871139680,1
0.871140920,0
0.871143000,1
0.871144240,0
0.871146320,1
0.871147600,0
0.871149680,1
0.871150920,0
0.871153000,1
0.871154240,0
0.871156320,1
0.871157600,0
0.871159680,1
0.871160920,0
0.871163000,1
0.871164240,0
0.871166320,1
0.871167600,0
0.871169680,1
0.871170920,0
0.871173000,1
0.871174240,0
0.871176320,1
0.871177600,0
0.871179680,1
0.871180920,0
0.871183000,1
0.871184240,0
0.871186320,1
0.871187600,0
0.871189680,1
0.871190920,0
0.875217920,1
0.875219160,0
0.875221240,1
0.875222520,0
0.875224600,1
0.875225840,0
0.875227920,1
0.875229160,0
0.875231240,1
0.875232520,0
0.875234600,1
0.875235840,0
0.875237920,1
0.875239160,0
0.875241240,1
0.875242520,0
0.875244600,1
0.875245840,0
0.875247920,1
0.875249160,0
0.875251240,1
0.875252520,0
0.875254600,1
0.875255840,0
0.875257920,1
0.875259160,0
0.875261240,1
0.875262520,0
0.875264600,1
0.875265840,0
0.875267920,1
0.875269160,0
0.879968080,1
0.879969320,0
0.879971400,1
0.879972680,0
0.879974760,1
0.879976000,0
0.879978080,1
0.879979320,0
0.879981400,1
0.879982680,0
0.879984760,1
0.879986000,0
0.879988080,1
0.879989320,0
0.879991400,1
0.879992680,0
0.879994760,1
0.879996000,0
0.879998080,1
0.879999320,0
0.880001400,1
0.880002680,0
0.880004760,1
0.880006000,0
0.880008080,1
0.880009320,0
0.880011400,1
0.880012680,0
0.880014760,1
0.880016000,0
0.880018080,1
0.880019320,0
0.883296800,1
0.883298040,0
0.883300120,1
0.883301400,0
0.883303480,1
0.883304720,0
0.883306800,1
0.883308040,0
0.883310120,1
0.883311400,0
0.883313480,1
0.883314720,0
0.883316800,1
0.883318040,0
0.883320120,1
0.883321400,0
0.883323480,1
0.883324720,0
0.883326800,1
0.883328040,0
0.883330120,1
0.883331400,0
0.883333480,1
0.883334720,0
0.883336800,1
0.883338040,0
0.883340120,1
0.883341400,0
0.883343480,1
0.883344720,0
0.883346800,1
0.883348040,0
0.887276920,1
0.887278160,0
0.887280240,1
0.887281480,0
0.887283560,1
0.887284840,0
0.887286920,1
0.887288160,0
0.887290240,1
0.887291480,0
0.887293560,1
0.887294840,0
0.887296920,1
0.887298160,0
0.887300240,1
0.887301480,0
0.887303560,1
0.887304840,0
0.887306920,1
0.887308160,0
0.887310240,1
0.887311480,0
0.887313560,1
0.887314840,0
0.887316920,1
0.887318160,0
0.887320240,1
0.887321480,0
0.887323560,1
0.887324840,0
0.887326920,1
0.887328160,0
0.891079920,1
0.891081160,0
0.891083240,1
0.891084480,0
0.891086560,1
0.891087840,0
0.891089920,1
0.891091160,0
0.891093240,1
0.891094480,0
0.891096560,1
0.891097840,0
0.891099880,1
0.891101160,0
0.891103240,1
0.891104480,0
0.891106560,1
0.891107840,0
0.891109880,1
0.891111160,0
0.891113240,1
0.891114480,0
0.891116560,1
0.891117840,0
0.891119880,1
0.891121160,0
0.891123240,1
0.891124480,0
0.891126560,1
0.891127840,0
0.891129880,1
0.891131160,0
0.895275600,1
0.895276880,0
0.895278960,1
0.895280200,0
0.895282280,1
0.895283520,0
0.895285600,1
0.895286880,0
0.895288960,1
0.895290200,0
0.895292280,1
0.895293520,0
0.895295600,1
0.895296880,0
0.895298960,1
0.895300200,0
0.895302280,1
0.895303520,0
0.895305600,1
0.895306880,0
0.895308960,1
0.895310200,0
0.895312280,1
0.895313520,0
0.895315600,1
0.895316880,0
0.895318960,1
0.895320200,0
0.895322280,1
0.895323520,0
0.895325600,1
0.895326880,0
0.899297800,1
0.899299040,0
0.899301120,1
0.899302400,0
0.899304480,1
0.899305720,0
0.899307800,1
0.899309040,0
0.899311120,1
0.899312400,0
0.899314480,1
0.899315720,0
0.899317800,1
0.899319040,0
0.899321120,1
0.899322400,0
0.899324480,1
0.899325720,0
0.899327800,1
0.899329040,0
0.899331120,1
0.899332400,0
0.899334480,1
0.899335720,0
0.899337800,1
0.899339040,0
0.899341120,1
0.899342400,0
0.899344480,1
0.899345720,0
0.899347800,1
0.899349040,0
0.903276960,1
0.903278200,0
0.903280280,1
0.903281560,0
0.903283640,1
0.903284880,0
0.903286960,1
0.903288200,0
0.903290280,1
0.903291560,0
0.903293640,1
0.903294880,0
0.903296960,1
0.903298200,0
0.903300280,1
0.903301560,0
0.903303640,1
0.903304880,0
0.903306960,1
0.903308200,0
0.903310280,1
0.903311560,0
0.903313640,1
0.903314880,0
0.903316960,1
0.903318200,0
0.903320280,1
0.903321560,0
0.903323640,1
0.903324880,0
0.903326960,1
0.903328200,0
0.907213200,1
0.907214440,0
0.907216520,1
0.907217800,0
0.907219840,1
0.907221120,0
0.907223200,1
0.907224440,0
0.907226520,1
0.907227800,0
0.907229840,1
0.907231120,0
0.907233200,1
0.907234440,0
0.907236520,1
0.907237800,0
0.907239840,1
0.907241120,0
0.907243200,1
0.907244440,0
0.907246520,1
0.907247800,0
0.907249840,1
0.907251120,0
0.907253200,1
0.907254440,0
0.907256520,1
0.907257800,0
0.907259840,1
0.907261120,0
0.907263200,1
0.907264440,0
0.911144240,1
0.911145480,0
0.911147560,1
0.911148800,0
0.911150880,1
0.911152160,0
0.911154240,1
0.911155480,0
0.911157560,1
0.911158800,0
0.911160880,1
0.911162160,0
0.911164240,1
0.911165480,0
0.911167560,1
0.911168800,0
0.911170880,1
0.911172160,0
0.911174240,1
0.911175480,0
0.911177560,1
0.911178800,0
0.911180880,1
0.911182160,0
0.911184240,1
0.911185480,0
0.911187560,1
0.911188800,0
0.911190880,1
0.911192160,0
0.911194240,1
0.911195480,0
0.915299280,1
0.915300520,0
0.915302600,1
0.915303880,0
0.915305960,1
0.915307200,0
0.915309280,1
0.915310520,0
0.915312600,1
0.915313880,0
0.915315960,1
0.915317200,0
0.915319280,1
0.915320520,0
0.915322600,1
0.915323880,0
0.915325960,1
0.915327200,0
0.915329280,1
0.915330520,0
0.915332600,1
0.915333880,0
0.915335960,1
0.915337200,0
0.915339280,1
0.915340520,0
0.915342600,1
0.915343880,0
0.915345960,1
0.915347200,0
0.915349280,1
0.915350520,0
0.919967840,1
0.919969120,0
0.919971200,1
0.919972440,0
0.919974520,1
0.919975760,0
0.919977840,1
0.919979120,0
0.919981200,1
0.919982440,0
0.919984520,1
0.919985760,0
0.919987840,1
0.919989120,0
0.919991200,1
0.919992440,0
0.919994520,1
0.919995760,0
0.919997840,1
0.919999120,0
0.920001200,1
0.920002440,0
0.920004520,1
0.920005760,0
0.920007840,1
0.920009120,0
0.920011200,1
0.920012440,0
0.920014520,1
0.920015760,0
0.920017840,1
0.920019120,0
0.923214040,1
0.923215280,0
0.923217360,1
0.923218600,0
0.923220680,1
0.923221960,0
0.923224040,1
0.923225280,0
0.923227360,1
0.923228600,0
0.923230680,1
0.923231960,0
0.923234040,1
0.923235280,0
0.923237360,1
0.923238600,0
0.923240680,1
0.923241960,0
0.923244040,1
0.923245280,0
0.923247360,1
0.923248600,0
0.923250680,1
0.923251960,0
0.923254040,1
0.923255280,0
0.923257360,1
0.923258600,0
0.923260680,1
0.923261960,0
0.923264040,1
0.923265280,0
0.927276680,1
0.927277920,0
0.927280000,1
0.927281240,0
0.927283320,1
0.927284600,0
0.927286680,1
0.927287920,0
0.927290000,1
0.927291240,0
0.927293320,1
0.927294600,0
0.927296680,1
0.927297920,0
0.927300000,1
0.927301240,0
0.927303320,1
0.927304600,0
0.927306680,1
0.927307920,0
0.927310000,1
0.927311240,0
0.927313320,1
0.927314600,0
0.927316680,1
0.927317920,0
0.927320000,1
0.927321240,0
0.927323320,1
0.927324600,0
0.927326680,1
0.927327920,0
0.931157360,1
0.931158600,0
0.931160680,1
0.931161960,0
0.931164040,1
0.931165280,0
0.931167360,1
0.931168600,0
0.931170680,1
0.931171960,0
0.931174040,1
0.931175280,0
0.931177360,1
0.931178600,0
0.931180680,1
0.931181960,0
0.931184040,1
0.931185280,0
0.931187360,1
0.931188600,0
0.931190680,1
0.931191960,0
0.931194040,1
0.931195280,0
0.931197360,1
0.931198600,0
0.931200680,1
0.931201960,0
0.931204040,1
0.931205280,0
0.931207360,1
0.931208600,0
0.935274560,1
0.935275800,0
0.935277880,1
0.935279160,0
0.935281240,1
0.935282480,0
0.935284560,1
0.935285800,0
0.935287880,1
0.935289160,0
0.935291240,1
0.935292480,0
0.935294560,1
0.935295800,0
0.935297880,1
0.935299160,0
0.935301240,1
0.935302480,0
0.935304560,1
0.935305800,0
0.935307880,1
0.935309160,0
0.935311240,1
0.935312480,0
0.935314560,1
0.935315800,0
0.935317880,1
0.935319160,0
0.935321240,1
0.935322480,0
0.935324560,1
0.935325800,0
0.939213960,1
0.939215200,0
0.939217280,1
0.939218560,0
0.939220640,1
0.939221880,0
0.939223960,1
0.939225200,0
0.939227280,1
0.939228560,0
0.939230600,1
0.939231880,0
0.939233960,1
0.939235200,0
0.939237280,1
0.939238560,0
0.939240600,1
0.939241880,0
0.939243960,1
0.939245200,0
0.939247280,1
0.939248560,0
0.939250600,1
0.939251880,0
0.939253960,1
0.939255200,0
0.939257280,1
0.939258560,0
0.939260600,1
0.939261880,0
0.939263960,1
0.939265200,0
0.943273320,1
0.943274560,0
0.943276640,1
0.943277920,0
0.943279960,1
0.943281240,0
0.943283320,1
0.943284560,0
0.943286640,1
0.943287880,0
0.943289960,1
0.943291240,0
0.943293320,1
0.943294560,0
0.943296640,1
0.943297880,0
0.943299960,1
0.943301240,0
0.943303320,1
0.943304560,0
0.943306640,1
0.943307880,0
0.943309960,1
0.943311240,0
0.943313320,1
0.943314560,0
0.943316640,1
0.943317880,0
0.943319960,1
0.943321240,0
0.943323320,1
0.943324560,0
0.947296760,1
0.947298000,0
0.947300080,1
0.947301360,0
0.947303440,1
0.947304680,0
0.947306760,1
0.947308000,0
0.947310080,1
0.947311360,0
0.947313400,1
0.947314680,0
0.947316760,1
0.947318000,0
0.947320080,1
0.947321360,0
0.947323400,1
0.947324680,0
0.947326760,1
0.947328000,0
0.947330080,1
0.947331360,0
0.947333400,1
0.947334680,0
0.947336760,1
0.947338000,0
0.947340080,1
0.947341360,0
0.947343400,1
0.947344680,0
0.947346760,1
0.947348000,0
0.951139720,1
0.951141000,0
0.951143080,1
0.951144320,0
0.951146400,1
0.951147640,0
0.951149720,1
0.951151000,0
0.951153080,1
0.951154320,0
0.951156400,1
0.951157640,0
0.951159720,1
0.951161000,0
0.951163080,1
0.951164320,0
0.951166400,1
0.951167640,0
0.951169720,1
0.951171000,0
0.951173080,1
0.951174320,0
0.951176400,1
0.951177640,0
0.951179720,1
0.951181000,0
0.951183080,1
0.951184320,0
0.951186400,1
0.951187640,0
0.951189720,1
0.951191000,0
0.955214880,1
0.955216160,0
0.955218240,1
0.955219480,0
0.955221560,1
0.955222800,0
0.955224880,1
0.955226160,0
0.955228240,1
0.955229480,0
0.955231560,1
0.955232800,0
0.955234880,1
0.955236160,0
0.955238240,1
0.955239480,0
0.955241560,1
0.955242800,0
0.955244880,1
0.955246160,0
0.955248240,1
0.955249480,0
0.955251560,1
0.955252800,0
0.955254880,1
0.955256160,0
0.955258240,1
0.955259480,0
0.955261560,1
0.955262800,0
0.955264880,1
0.955266160,0
0.959966480,1
0.959967720,0
0.959969800,1
0.959971040,0
0.959973120,1
0.959974400,0
0.959976480,1
0.959977720,0
0.959979800,1
0.959981040,0
0.959983120,1
0.959984400,0
0.959986440,1
0.959987720,0
0.959989800,1
0.959991040,0
0.959993120,1
0.959994400,0
0.959996440,1
0.959997720,0
0.959999800,1
0.960001040,0
0.960003120,1
0.960004400,0
0.960006440,1
0.960007720,0
0.960009800,1
0.960011040,0
0.960013120,1
0.960014400,0
0.960016440,1
0.960017720,0
0.963296680,1
0.963297920,0
0.963300000,1
0.963301240,0
0.963303320,1
0.963304600,0
0.963306680,1
0.963307920,0
0.963310000,1
0.963311240,0
0.963313320,1
0.963314600,0
0.963316680,1
0.963317920,0
0.963320000,1
0.963321240,0
0.963323320,1
0.963324600,0
0.963326680,1
0.963327920,0
0.963330000,1
0.963331240,0
0.963333320,1
0.963334600,0
0.963336680,1
0.963337920,0
0.963340000,1
0.963341240,0
0.963343320,1
0.963344600,0
0.963346680,1
0.963347920,0
0.967273360,1
0.967274600,0
0.967276680,1
0.967277920,0
0.967280000,1
0.967281280,0
0.967283360,1
0.967284600,0
0.967286680,1
0.967287920,0
0.967290000,1
0.967291280,0
0.967293360,1
0.967294600,0
0.967296680,1
0.967297920,0
0.967300000,1
0.967301280,0
0.967303360,1
0.967304600,0
0.967306680,1
0.967307920,0
0.967310000,1
0.967311280,0
0.967313360,1
0.967314600,0
0.967316680,1
0.967317920,0
0.967320000,1
0.967321280,0
0.967323360,1
0.967324600,0
0.971076200,1
0.971077440,0
0.971079520,1
0.971080800,0
0.971082880,1
0.971084120,0
0.971086200,1
0.971087440,0
0.971089520,1
0.971090800,0
0.971092880,1
0.971094120,0
0.971096200,1
0.971097440,0
0.971099520,1
0.971100800,0
0.971102880,1
0.971104120,0
0.971106200,1
0.971107440,0
0.971109520,1
0.971110800,0
0.971112880,1
0.971114120,0
0.971116200,1
0.971117440,0
0.971119520,1
0.971120800,0
0.971122880,1
0.971124120,0
0.971126200,1
0.971127440,0
0.975275480,1
0.975276720,0
0.975278800,1
0.975280040,0
0.975282120,1
0.975283400,0
0.975285480,1
0.975286720,0
0.975288800,1
0.975290040,0
0.975292120,1
0.975293400,0
0.975295480,1
0.975296720,0
0.975298800,1
0.975300040,0
0.975302120,1
0.975303400,0
0.975305480,1
0.975306720,0
0.975308800,1
0.975310040,0
0.975312120,1
0.975313400,0
0.975315480,1
0.975316720,0
0.975318800,1
0.975320040,0
0.975322120,1
0.975323400,0
0.975325480,1
0.975326720,0
0.979293600,1
0.979294880,0
0.979296920,1
0.979298200,0
0.979300280,1
0.979301520,0
0.979303600,1
0.979304880,0
0.979306920,1
0.979308200,0
0.979310280,1
0.979311520,0
0.979313600,1
0.979314880,0
0.979316920,1
0.979318200,0
0.979320280,1
0.979321520,0
0.979323600,1
0.979324880,0
0.979326920,1
0.979328200,0
0.979330280,1
0.979331520,0
0.979333600,1
0.979334880,0
0.979336920,1
0.979338200,0
0.979340280,1
0.979341520,0
0.979343600,1
0.979344880,0
0.983275920,1
0.983277160,0
0.983279240,1
0.983280480,0
0.983282560,1
0.983283840,0
0.983285880,1
0.983287160,0
0.983289240,1
0.983290480,0
0.983292560,1
0.983293840,0
0.983295880,1
0.983297160,0
0.983299240,1
0.983300480,0
0.983302560,1
0.983303840,0
0.983305880,1
0.983307160,0
0.983309240,1
0.983310480,0
0.983312560,1
0.983313840,0
0.983315880,1
0.983317160,0
0.983319240,1
0.983320480,0
0.983322560,1
0.983323840,0
0.983325880,1
0.983327160,0
0.987213160,1
0.987214440,0
0.987216520,1
0.987217760,0
0.987219840,1
0.987221080,0
0.987223160,1
0.987224440,0
0.987226520,1
0.987227760,0
0.987229840,1
0.987231080,0
0.987233160,1
0.987234440,0
0.987236520,1
0.987237760,0
0.987239840,1
0.987241080,0
0.987243160,1
0.987244440,0
0.987246520,1
0.987247760,0
0.987249840,1
0.987251080,0
0.987253160,1
0.987254440,0
0.987256520,1
0.987257760,0
0.987259840,1
0.987261080,0
0.987263160,1
0.987264440,0
0.991136760,1
0.991138000,0
0.991140080,1
0.991141320,0
0.991143400,1
0.991144680,0
0.991146760,1
0.991148000,0
0.991150080,1
0.991151320,0
0.991153400,1
0.991154680,0
0.991156760,1
0.991158000,0
0.991160080,1
0.991161320,0
0.991163400,1
0.991164680,0
0.991166760,1
0.991168000,0
0.991170080,1
0.991171320,0
0.991173400,1
0.991174680,0
0.991176760,1
0.991178000,0
0.991180080,1
0.991181320,0
0.991183400,1
0.991184680,0
0.991186760,1
0.991188000,0
0.995294960,1
0.995296200,0
0.995298280,1
0.995299560,0
0.995301600,1
0.995302880,0
0.995304960,1
0.995306200,0
0.995308280,1
0.995309560,0
0.995311600,1
0.995312880,0
0.995314960,1
0.995316200,0
0.995318280,1
0.995319560,0
0.995321600,1
0.995322880,0
0.995324960,1
0.995326200,0
0.995328280,1
0.995329560,0
0.995331600,1
0.995332880,0
0.995334960,1
0.995336200,0
0.995338280,1
0.995339560,0
0.995341600,1
0.995342880,0
0.995344960,1
0.995346200,0
0.999965360,1
0.999966600,0
0.999968680,1
0.999969960,0
0.999972040,1
0.999973280,0
0.999975360,1
0.999976600,0
0.999978680,1
0.999979960,0
0.999982040,1
0.999983280,0
0.999985360,1
0.999986600,0
0.999988680,1
0.999989960,0
0.999992040,1
0.999993280,0
0.999995360,1
0.999996600,0
0.999998680,1
0.999999960,0
1.000002040,1
1.000003280,0
1.000005360,1
1.000006600,0
1.000008680,1
1.000009960,0
1.000012040,1
1.000013280,0
1.000015360,1
1.000016600,0
1.003213560,1
1.003214840,0
1.003216880,1
1.003218160,0
1.003220240,1
1.003221480,0
1.003223560,1
1.003224840,0
1.003226880,1
1.003228160,0
1.003230240,1
1.003231480,0
1.003233560,1
1.003234840,0
1.003236880,1
1.003238160,0
1.003240240,1
1.003241480,0
1.003243560,1
1.003244840,0
1.003246880,1
1.003248160,0
1.003250240,1
1.003251480,0
1.003253560,1
1.003254840,0
1.003256880,1
1.003258160,0
1.003260240,1
1.003261480,0
1.003263560,1
1.003264840,0
1.007272480,1
1.007273720,0
1.007275800,1
1.007277040,0
1.007279120,1
1.007280400,0
1.007282480,1
1.007283720,0
1.007285800,1
1.007287040,0
1.007289120,1
1.007290400,0
1.007292480,1
1.007293720,0
1.007295800,1
1.007297040,0
1.007299120,1
1.007300400,0
1.007302480,1
1.007303720,0
1.007305800,1
1.007307040,0
1.007309120,1
1.007310400,0
1.007312480,1
1.007313720,0
1.007315800,1
1.007317040,0
1.007319120,1
1.007320400,0
1.007322480,1
1.007323720,0
1.011160080,1
1.011161320,0
1.011163400,1
1.011164640,0
1.011166720,1
1.011168000,0
1.011170080,1
1.011171320,0
1.011173400,1
1.011174640,0
1.011176720,1
1.011178000,0
1.011180080,1
1.011181320,0
1.011183400,1
1.011184640,0
1.011186720,1
1.011188000,0
1.011190080,1
1.011191320,0
1.011193400,1
1.011194640,0
1.011196720,1
1.011198000,0
1.011200080,1
1.011201320,0
1.011203400,1
1.011204640,0
1.011206720,1
1.011208000,0
1.011210080,1
1.011211320,0
1.011885200,0
